q,actual,"confidence_(0.5, 0.55]","confidence_(0.55, 0.6]","confidence_(0.6, 0.65]","confidence_(0.65, 0.7]","confidence_(0.7, 0.75]","confidence_(0.75, 0.8]","confidence_(0.8, 0.85]","confidence_(0.85, 0.9]","confidence_(0.9, 0.95]","confidence_(0.95, 1.0]","meta_(0.0, 0.05]","meta_(0.05, 0.1]","meta_(0.1, 0.15]","meta_(0.15, 0.2]","meta_(0.2, 0.25]","meta_(0.25, 0.3]","meta_(0.3, 0.35]","meta_(0.35, 0.4]","meta_(0.4, 0.45]","meta_(0.45, 0.5]","meta_(0.5, 0.55]","meta_(0.55, 0.6]","meta_(0.6, 0.65]","meta_(0.65, 0.7]","meta_(0.7, 0.75]","meta_(0.75, 0.8]","meta_(0.8, 0.85]","meta_(0.85, 0.9]","meta_(0.9, 0.95]","meta_(0.95, 1.0]",number_of_participants,own,topic
Alabama,0,0.0,0.24242424242424243,0.0,0.12121212121212122,0.12121212121212122,0.030303030303030304,0.0,0.06060606060606061,0.030303030303030304,0.21212121212121213,0.0,0.0,0.0,0.030303030303030304,0.0,0.0,0.0,0.15151515151515152,0.0,0.12121212121212122,0.0,0.15151515151515152,0.06060606060606061,0.15151515151515152,0.030303030303030304,0.18181818181818182,0.0,0.030303030303030304,0.030303030303030304,0.06060606060606061,33,0.5757575757575758,state
Alaska,0,0.0,0.06060606060606061,0.0,0.06060606060606061,0.0,0.15151515151515152,0.030303030303030304,0.09090909090909091,0.0,0.42424242424242425,0.0,0.030303030303030304,0.0,0.09090909090909091,0.0,0.06060606060606061,0.030303030303030304,0.15151515151515152,0.0,0.030303030303030304,0.06060606060606061,0.12121212121212122,0.030303030303030304,0.09090909090909091,0.06060606060606061,0.09090909090909091,0.0,0.09090909090909091,0.030303030303030304,0.030303030303030304,33,0.3939393939393939,state
Arizona,1,0.030303030303030304,0.09090909090909091,0.0,0.030303030303030304,0.030303030303030304,0.12121212121212122,0.0,0.18181818181818182,0.030303030303030304,0.36363636363636365,0.030303030303030304,0.0,0.0,0.0,0.0,0.0,0.0,0.0,0.0,0.06060606060606061,0.030303030303030304,0.06060606060606061,0.0,0.12121212121212122,0.030303030303030304,0.3333333333333333,0.09090909090909091,0.12121212121212122,0.030303030303030304,0.09090909090909091,33,0.8484848484848485,state
Arkansas,1,0.0,0.12121212121212122,0.06060606060606061,0.09090909090909091,0.06060606060606061,0.030303030303030304,0.0,0.09090909090909091,0.030303030303030304,0.36363636363636365,0.030303030303030304,0.0,0.0,0.0,0.0,0.06060606060606061,0.0,0.0,0.0,0.12121212121212122,0.06060606060606061,0.030303030303030304,0.030303030303030304,0.15151515151515152,0.15151515151515152,0.24242424242424243,0.030303030303030304,0.06060606060606061,0.0,0.030303030303030304,33,0.7575757575757576,state
California,0,0.0,0.030303030303030304,0.0,0.0,0.0,0.09090909090909091,0.030303030303030304,0.06060606060606061,0.0,0.696969696969697,0.030303030303030304,0.09090909090909091,0.030303030303030304,0.030303030303030304,0.09090909090909091,0.030303030303030304,0.0,0.09090909090909091,0.0,0.15151515151515152,0.0,0.0,0.030303030303030304,0.030303030303030304,0.030303030303030304,0.06060606060606061,0.0,0.15151515151515152,0.09090909090909091,0.06060606060606061,33,0.24242424242424243,state
Colorado,1,0.0,0.030303030303030304,0.030303030303030304,0.09090909090909091,0.09090909090909091,0.09090909090909091,0.06060606060606061,0.2727272727272727,0.0,0.2727272727272727,0.0,0.0,0.0,0.0,0.0,0.0,0.0,0.0,0.0,0.12121212121212122,0.0,0.0,0.030303030303030304,0.06060606060606061,0.09090909090909091,0.3939393939393939,0.09090909090909091,0.15151515151515152,0.06060606060606061,0.0,33,0.9090909090909091,state
Connecticut,0,0.06060606060606061,0.15151515151515152,0.0,0.09090909090909091,0.0,0.06060606060606061,0.0,0.06060606060606061,0.0,0.45454545454545453,0.0,0.12121212121212122,0.030303030303030304,0.06060606060606061,0.06060606060606061,0.06060606060606061,0.030303030303030304,0.06060606060606061,0.0,0.24242424242424243,0.0,0.12121212121212122,0.0,0.09090909090909091,0.06060606060606061,0.06060606060606061,0.0,0.0,0.0,0.0,33,0.09090909090909091,state
Delaware,0,0.0,0.09090909090909091,0.0,0.06060606060606061,0.0,0.18181818181818182,0.030303030303030304,0.030303030303030304,0.0,0.30303030303030304,0.0,0.030303030303030304,0.0,0.030303030303030304,0.0,0.09090909090909091,0.0,0.06060606060606061,0.0,0.21212121212121213,0.0,0.12121212121212122,0.030303030303030304,0.15151515151515152,0.030303030303030304,0.12121212121212122,0.06060606060606061,0.06060606060606061,0.0,0.0,33,0.5151515151515151,state
Florida,0,0.0,0.06060606060606061,0.0,0.12121212121212122,0.030303030303030304,0.030303030303030304,0.030303030303030304,0.09090909090909091,0.0,0.5454545454545454,0.030303030303030304,0.09090909090909091,0.0,0.0,0.030303030303030304,0.12121212121212122,0.030303030303030304,0.09090909090909091,0.06060606060606061,0.18181818181818182,0.0,0.06060606060606061,0.0,0.15151515151515152,0.030303030303030304,0.06060606060606061,0.030303030303030304,0.0,0.0,0.030303030303030304,33,0.30303030303030304,state
Georgia,1,0.030303030303030304,0.06060606060606061,0.0,0.06060606060606061,0.0,0.15151515151515152,0.0,0.12121212121212122,0.030303030303030304,0.48484848484848486,0.0,0.06060606060606061,0.0,0.0,0.0,0.030303030303030304,0.0,0.0,0.0,0.06060606060606061,0.0,0.030303030303030304,0.0,0.06060606060606061,0.06060606060606061,0.15151515151515152,0.06060606060606061,0.30303030303030304,0.030303030303030304,0.15151515151515152,33,0.9090909090909091,state
Hawaii,1,0.0,0.0,0.030303030303030304,0.0,0.0,0.21212121212121213,0.0,0.12121212121212122,0.0,0.6363636363636364,0.0,0.0,0.0,0.0,0.0,0.0,0.0,0.0,0.0,0.06060606060606061,0.0,0.0,0.0,0.09090909090909091,0.06060606060606061,0.18181818181818182,0.06060606060606061,0.2727272727272727,0.12121212121212122,0.15151515151515152,33,0.9696969696969697,state
Idaho,1,0.0,0.09090909090909091,0.0,0.06060606060606061,0.0,0.18181818181818182,0.0,0.030303030303030304,0.030303030303030304,0.3939393939393939,0.0,0.0,0.0,0.0,0.0,0.0,0.0,0.030303030303030304,0.030303030303030304,0.18181818181818182,0.0,0.09090909090909091,0.030303030303030304,0.21212121212121213,0.09090909090909091,0.15151515151515152,0.06060606060606061,0.06060606060606061,0.030303030303030304,0.030303030303030304,33,0.7575757575757576,state
Illinois,0,0.0,0.030303030303030304,0.0,0.030303030303030304,0.030303030303030304,0.06060606060606061,0.06060606060606061,0.15151515151515152,0.06060606060606061,0.45454545454545453,0.030303030303030304,0.0,0.0,0.030303030303030304,0.0,0.030303030303030304,0.0,0.030303030303030304,0.030303030303030304,0.06060606060606061,0.0,0.06060606060606061,0.030303030303030304,0.12121212121212122,0.09090909090909091,0.09090909090909091,0.030303030303030304,0.15151515151515152,0.12121212121212122,0.09090909090909091,33,0.5757575757575758,state
Indiana,1,0.030303030303030304,0.15151515151515152,0.030303030303030304,0.030303030303030304,0.0,0.06060606060606061,0.0,0.09090909090909091,0.030303030303030304,0.45454545454545453,0.0,0.0,0.0,0.0,0.0,0.0,0.0,0.030303030303030304,0.0,0.09090909090909091,0.0,0.0,0.030303030303030304,0.15151515151515152,0.030303030303030304,0.2727272727272727,0.12121212121212122,0.18181818181818182,0.06060606060606061,0.030303030303030304,33,0.9090909090909091,state
Iowa,1,0.06060606060606061,0.09090909090909091,0.0,0.06060606060606061,0.0,0.06060606060606061,0.030303030303030304,0.18181818181818182,0.0,0.2727272727272727,0.0,0.030303030303030304,0.0,0.0,0.0,0.0,0.0,0.09090909090909091,0.030303030303030304,0.15151515151515152,0.0,0.18181818181818182,0.0,0.21212121212121213,0.06060606060606061,0.06060606060606061,0.06060606060606061,0.12121212121212122,0.0,0.0,33,0.8181818181818182,state
Kansas,0,0.0,0.15151515151515152,0.0,0.12121212121212122,0.06060606060606061,0.0,0.030303030303030304,0.06060606060606061,0.0,0.3333333333333333,0.0,0.030303030303030304,0.030303030303030304,0.0,0.0,0.030303030303030304,0.0,0.06060606060606061,0.0,0.21212121212121213,0.06060606060606061,0.18181818181818182,0.0,0.18181818181818182,0.030303030303030304,0.09090909090909091,0.06060606060606061,0.030303030303030304,0.0,0.0,33,0.5151515151515151,state
Kentucky,0,0.0,0.12121212121212122,0.030303030303030304,0.15151515151515152,0.0,0.18181818181818182,0.030303030303030304,0.09090909090909091,0.0,0.18181818181818182,0.0,0.0,0.0,0.0,0.030303030303030304,0.0,0.0,0.06060606060606061,0.0,0.2727272727272727,0.0,0.15151515151515152,0.0,0.18181818181818182,0.0,0.24242424242424243,0.030303030303030304,0.030303030303030304,0.0,0.0,33,0.48484848484848486,state
Louisiana,0,0.0,0.12121212121212122,0.0,0.06060606060606061,0.0,0.09090909090909091,0.0,0.15151515151515152,0.030303030303030304,0.48484848484848486,0.0,0.030303030303030304,0.0,0.0,0.0,0.0,0.030303030303030304,0.0,0.0,0.21212121212121213,0.030303030303030304,0.09090909090909091,0.0,0.09090909090909091,0.06060606060606061,0.2727272727272727,0.0,0.12121212121212122,0.06060606060606061,0.0,33,0.42424242424242425,state
Maine,0,0.0,0.21212121212121213,0.0,0.09090909090909091,0.0,0.09090909090909091,0.0,0.0,0.0,0.3333333333333333,0.0,0.0,0.0,0.0,0.030303030303030304,0.030303030303030304,0.0,0.06060606060606061,0.030303030303030304,0.15151515151515152,0.09090909090909091,0.15151515151515152,0.0,0.15151515151515152,0.06060606060606061,0.15151515151515152,0.030303030303030304,0.06060606060606061,0.0,0.0,33,0.5757575757575758,state
Maryland,0,0.030303030303030304,0.09090909090909091,0.0,0.030303030303030304,0.09090909090909091,0.21212121212121213,0.030303030303030304,0.06060606060606061,0.0,0.36363636363636365,0.0,0.030303030303030304,0.0,0.030303030303030304,0.0,0.030303030303030304,0.0,0.030303030303030304,0.0,0.09090909090909091,0.0,0.06060606060606061,0.0,0.12121212121212122,0.06060606060606061,0.30303030303030304,0.030303030303030304,0.18181818181818182,0.0,0.030303030303030304,33,0.696969696969697,state
Massachusetts,1,0.0,0.0,0.0,0.0,0.0,0.0,0.0,0.0,0.0,1.0,0.0,0.0,0.0,0.0,0.0,0.0,0.0,0.0,0.0,0.0,0.0,0.0,0.0,0.0,0.0,0.0,0.0,0.12121212121212122,0.18181818181818182,0.696969696969697,33,0.9696969696969697,state
Michigan,0,0.0,0.09090909090909091,0.0,0.12121212121212122,0.06060606060606061,0.06060606060606061,0.030303030303030304,0.15151515151515152,0.030303030303030304,0.3939393939393939,0.0,0.0,0.0,0.030303030303030304,0.0,0.030303030303030304,0.0,0.06060606060606061,0.0,0.06060606060606061,0.0,0.0,0.0,0.18181818181818182,0.06060606060606061,0.24242424242424243,0.12121212121212122,0.15151515151515152,0.06060606060606061,0.0,33,0.5454545454545454,state
Minnesota,0,0.0,0.21212121212121213,0.06060606060606061,0.09090909090909091,0.09090909090909091,0.06060606060606061,0.0,0.09090909090909091,0.0,0.24242424242424243,0.0,0.0,0.0,0.0,0.0,0.0,0.0,0.030303030303030304,0.030303030303030304,0.06060606060606061,0.0,0.15151515151515152,0.0,0.15151515151515152,0.09090909090909091,0.18181818181818182,0.12121212121212122,0.12121212121212122,0.030303030303030304,0.030303030303030304,33,0.6666666666666666,state
Mississippi,1,0.09090909090909091,0.24242424242424243,0.06060606060606061,0.030303030303030304,0.030303030303030304,0.09090909090909091,0.0,0.030303030303030304,0.0,0.15151515151515152,0.0,0.0,0.0,0.0,0.0,0.06060606060606061,0.0,0.030303030303030304,0.0,0.21212121212121213,0.06060606060606061,0.12121212121212122,0.0,0.21212121212121213,0.12121212121212122,0.12121212121212122,0.0,0.06060606060606061,0.0,0.0,33,0.6666666666666666,state
Missouri,0,0.06060606060606061,0.15151515151515152,0.06060606060606061,0.06060606060606061,0.030303030303030304,0.12121212121212122,0.0,0.06060606060606061,0.030303030303030304,0.21212121212121213,0.030303030303030304,0.09090909090909091,0.0,0.12121212121212122,0.0,0.030303030303030304,0.0,0.06060606060606061,0.030303030303030304,0.21212121212121213,0.06060606060606061,0.12121212121212122,0.0,0.09090909090909091,0.030303030303030304,0.09090909090909091,0.0,0.030303030303030304,0.0,0.0,33,0.3939393939393939,state
Montana,0,0.06060606060606061,0.06060606060606061,0.0,0.0,0.06060606060606061,0.09090909090909091,0.0,0.12121212121212122,0.0,0.30303030303030304,0.030303030303030304,0.0,0.030303030303030304,0.030303030303030304,0.0,0.09090909090909091,0.06060606060606061,0.09090909090909091,0.06060606060606061,0.30303030303030304,0.0,0.12121212121212122,0.06060606060606061,0.030303030303030304,0.0,0.06060606060606061,0.0,0.030303030303030304,0.0,0.0,33,0.3939393939393939,state
Nebraska,0,0.030303030303030304,0.09090909090909091,0.0,0.12121212121212122,0.06060606060606061,0.06060606060606061,0.0,0.18181818181818182,0.0,0.2727272727272727,0.030303030303030304,0.0,0.0,0.030303030303030304,0.0,0.0,0.0,0.09090909090909091,0.0,0.12121212121212122,0.030303030303030304,0.12121212121212122,0.0,0.21212121212121213,0.0,0.24242424242424243,0.030303030303030304,0.06060606060606061,0.0,0.030303030303030304,33,0.6666666666666666,state
Nevada,0,0.030303030303030304,0.09090909090909091,0.0,0.030303030303030304,0.0,0.15151515151515152,0.0,0.030303030303030304,0.06060606060606061,0.5151515151515151,0.0,0.06060606060606061,0.030303030303030304,0.030303030303030304,0.0,0.06060606060606061,0.030303030303030304,0.030303030303030304,0.0,0.09090909090909091,0.0,0.06060606060606061,0.0,0.12121212121212122,0.030303030303030304,0.18181818181818182,0.06060606060606061,0.12121212121212122,0.0,0.09090909090909091,33,0.3333333333333333,state
New_Hampshire,0,0.06060606060606061,0.12121212121212122,0.0,0.18181818181818182,0.0,0.09090909090909091,0.06060606060606061,0.030303030303030304,0.0,0.2727272727272727,0.030303030303030304,0.0,0.0,0.0,0.030303030303030304,0.06060606060606061,0.030303030303030304,0.030303030303030304,0.0,0.15151515151515152,0.0,0.2727272727272727,0.0,0.18181818181818182,0.0,0.15151515151515152,0.0,0.0,0.030303030303030304,0.030303030303030304,33,0.5151515151515151,state
New_Jersey,0,0.030303030303030304,0.12121212121212122,0.0,0.12121212121212122,0.0,0.06060606060606061,0.030303030303030304,0.06060606060606061,0.0,0.48484848484848486,0.030303030303030304,0.0,0.0,0.030303030303030304,0.0,0.0,0.0,0.06060606060606061,0.06060606060606061,0.15151515151515152,0.0,0.15151515151515152,0.030303030303030304,0.12121212121212122,0.12121212121212122,0.18181818181818182,0.030303030303030304,0.030303030303030304,0.0,0.0,33,0.5454545454545454,state
New_Mexico,0,0.06060606060606061,0.15151515151515152,0.0,0.06060606060606061,0.06060606060606061,0.09090909090909091,0.0,0.12121212121212122,0.0,0.30303030303030304,0.0,0.030303030303030304,0.0,0.030303030303030304,0.0,0.030303030303030304,0.0,0.06060606060606061,0.0,0.12121212121212122,0.0,0.18181818181818182,0.030303030303030304,0.15151515151515152,0.09090909090909091,0.21212121212121213,0.030303030303030304,0.030303030303030304,0.0,0.0,33,0.6363636363636364,state
New_York,0,0.0,0.0,0.0,0.0,0.0,0.030303030303030304,0.0,0.0,0.0,0.9696969696969697,0.09090909090909091,0.09090909090909091,0.12121212121212122,0.0,0.0,0.09090909090909091,0.0,0.06060606060606061,0.0,0.030303030303030304,0.0,0.030303030303030304,0.0,0.030303030303030304,0.0,0.09090909090909091,0.030303030303030304,0.06060606060606061,0.030303030303030304,0.24242424242424243,33,0.2727272727272727,state
North_Carolina,0,0.09090909090909091,0.12121212121212122,0.0,0.030303030303030304,0.0,0.06060606060606061,0.0,0.12121212121212122,0.030303030303030304,0.36363636363636365,0.0,0.0,0.030303030303030304,0.030303030303030304,0.06060606060606061,0.0,0.030303030303030304,0.030303030303030304,0.0,0.18181818181818182,0.030303030303030304,0.15151515151515152,0.0,0.21212121212121213,0.0,0.09090909090909091,0.0,0.12121212121212122,0.0,0.030303030303030304,33,0.5757575757575758,state
North_Dakota,0,0.030303030303030304,0.12121212121212122,0.030303030303030304,0.06060606060606061,0.0,0.15151515151515152,0.0,0.030303030303030304,0.0,0.21212121212121213,0.030303030303030304,0.0,0.0,0.06060606060606061,0.030303030303030304,0.030303030303030304,0.0,0.030303030303030304,0.0,0.2727272727272727,0.030303030303030304,0.15151515151515152,0.030303030303030304,0.12121212121212122,0.030303030303030304,0.15151515151515152,0.0,0.030303030303030304,0.0,0.0,33,0.3939393939393939,state
Ohio,1,0.06060606060606061,0.15151515151515152,0.0,0.09090909090909091,0.06060606060606061,0.12121212121212122,0.0,0.09090909090909091,0.0,0.36363636363636365,0.0,0.0,0.0,0.030303030303030304,0.0,0.0,0.0,0.06060606060606061,0.0,0.030303030303030304,0.030303030303030304,0.12121212121212122,0.0,0.21212121212121213,0.09090909090909091,0.21212121212121213,0.030303030303030304,0.15151515151515152,0.030303030303030304,0.0,33,0.7878787878787878,state
Oklahoma,1,0.06060606060606061,0.09090909090909091,0.0,0.06060606060606061,0.030303030303030304,0.15151515151515152,0.0,0.09090909090909091,0.0,0.3939393939393939,0.0,0.0,0.0,0.0,0.0,0.0,0.0,0.030303030303030304,0.0,0.030303030303030304,0.0,0.0,0.030303030303030304,0.15151515151515152,0.06060606060606061,0.2727272727272727,0.030303030303030304,0.2727272727272727,0.030303030303030304,0.09090909090909091,33,0.8787878787878788,state
Oregon,0,0.030303030303030304,0.15151515151515152,0.030303030303030304,0.06060606060606061,0.06060606060606061,0.12121212121212122,0.030303030303030304,0.15151515151515152,0.0,0.24242424242424243,0.0,0.0,0.0,0.0,0.0,0.0,0.0,0.0,0.0,0.06060606060606061,0.0,0.18181818181818182,0.030303030303030304,0.06060606060606061,0.09090909090909091,0.2727272727272727,0.06060606060606061,0.21212121212121213,0.0,0.030303030303030304,33,0.696969696969697,state
Pennsylvania,0,0.0,0.06060606060606061,0.0,0.06060606060606061,0.0,0.15151515151515152,0.0,0.09090909090909091,0.06060606060606061,0.5757575757575758,0.0,0.0,0.0,0.030303030303030304,0.0,0.0,0.0,0.030303030303030304,0.0,0.0,0.0,0.12121212121212122,0.0,0.09090909090909091,0.06060606060606061,0.24242424242424243,0.06060606060606061,0.3333333333333333,0.030303030303030304,0.0,33,0.6666666666666666,state
Rhode_Island,1,0.030303030303030304,0.030303030303030304,0.0,0.12121212121212122,0.0,0.15151515151515152,0.0,0.15151515151515152,0.0,0.5151515151515151,0.0,0.0,0.0,0.0,0.0,0.0,0.0,0.0,0.0,0.030303030303030304,0.0,0.06060606060606061,0.0,0.12121212121212122,0.06060606060606061,0.24242424242424243,0.09090909090909091,0.24242424242424243,0.09090909090909091,0.06060606060606061,33,0.9393939393939394,state
South_Carolina,1,0.0,0.18181818181818182,0.0,0.12121212121212122,0.0,0.030303030303030304,0.0,0.12121212121212122,0.0,0.2727272727272727,0.030303030303030304,0.0,0.0,0.0,0.0,0.030303030303030304,0.030303030303030304,0.030303030303030304,0.030303030303030304,0.24242424242424243,0.0,0.21212121212121213,0.030303030303030304,0.18181818181818182,0.0,0.15151515151515152,0.030303030303030304,0.0,0.0,0.0,33,0.6363636363636364,state
South_Dakota,0,0.06060606060606061,0.09090909090909091,0.0,0.09090909090909091,0.0,0.12121212121212122,0.0,0.06060606060606061,0.030303030303030304,0.2727272727272727,0.06060606060606061,0.0,0.0,0.030303030303030304,0.030303030303030304,0.0,0.030303030303030304,0.09090909090909091,0.0,0.30303030303030304,0.030303030303030304,0.12121212121212122,0.0,0.18181818181818182,0.0,0.09090909090909091,0.030303030303030304,0.0,0.0,0.0,33,0.5151515151515151,state
Tennessee,0,0.030303030303030304,0.21212121212121213,0.06060606060606061,0.18181818181818182,0.0,0.09090909090909091,0.0,0.0,0.0,0.21212121212121213,0.0,0.030303030303030304,0.0,0.0,0.0,0.0,0.0,0.06060606060606061,0.0,0.12121212121212122,0.0,0.21212121212121213,0.0,0.15151515151515152,0.09090909090909091,0.18181818181818182,0.0,0.030303030303030304,0.030303030303030304,0.09090909090909091,33,0.696969696969697,state
Texas,0,0.0,0.12121212121212122,0.030303030303030304,0.06060606060606061,0.06060606060606061,0.15151515151515152,0.0,0.0,0.0,0.5454545454545454,0.0,0.06060606060606061,0.030303030303030304,0.0,0.0,0.09090909090909091,0.0,0.030303030303030304,0.06060606060606061,0.06060606060606061,0.030303030303030304,0.06060606060606061,0.0,0.24242424242424243,0.0,0.12121212121212122,0.030303030303030304,0.09090909090909091,0.0,0.09090909090909091,33,0.36363636363636365,state
Utah,1,0.0,0.06060606060606061,0.0,0.15151515151515152,0.0,0.15151515151515152,0.06060606060606061,0.0,0.0,0.48484848484848486,0.0,0.0,0.0,0.0,0.0,0.0,0.0,0.0,0.0,0.06060606060606061,0.0,0.12121212121212122,0.0,0.09090909090909091,0.030303030303030304,0.30303030303030304,0.15151515151515152,0.18181818181818182,0.030303030303030304,0.030303030303030304,33,0.9393939393939394,state
Vermont,0,0.0,0.15151515151515152,0.0,0.09090909090909091,0.0,0.06060606060606061,0.0,0.09090909090909091,0.0,0.3333333333333333,0.030303030303030304,0.0,0.0,0.0,0.030303030303030304,0.030303030303030304,0.0,0.09090909090909091,0.030303030303030304,0.24242424242424243,0.0,0.18181818181818182,0.0,0.12121212121212122,0.0,0.12121212121212122,0.09090909090909091,0.030303030303030304,0.0,0.0,33,0.5454545454545454,state
Virginia,0,0.030303030303030304,0.030303030303030304,0.0,0.18181818181818182,0.0,0.030303030303030304,0.030303030303030304,0.06060606060606061,0.030303030303030304,0.48484848484848486,0.030303030303030304,0.06060606060606061,0.030303030303030304,0.06060606060606061,0.030303030303030304,0.06060606060606061,0.0,0.24242424242424243,0.030303030303030304,0.09090909090909091,0.0,0.12121212121212122,0.0,0.09090909090909091,0.030303030303030304,0.030303030303030304,0.030303030303030304,0.0,0.0,0.06060606060606061,33,0.030303030303030304,state
Washington,0,0.030303030303030304,0.12121212121212122,0.0,0.09090909090909091,0.030303030303030304,0.12121212121212122,0.0,0.12121212121212122,0.030303030303030304,0.3939393939393939,0.0,0.0,0.0,0.030303030303030304,0.0,0.0,0.0,0.0,0.030303030303030304,0.030303030303030304,0.0,0.09090909090909091,0.0,0.21212121212121213,0.09090909090909091,0.21212121212121213,0.030303030303030304,0.2727272727272727,0.0,0.0,33,0.696969696969697,state
West_Virginia,1,0.06060606060606061,0.21212121212121213,0.030303030303030304,0.030303030303030304,0.030303030303030304,0.18181818181818182,0.0,0.030303030303030304,0.0,0.18181818181818182,0.0,0.030303030303030304,0.0,0.0,0.0,0.0,0.0,0.06060606060606061,0.0,0.21212121212121213,0.030303030303030304,0.09090909090909091,0.030303030303030304,0.24242424242424243,0.06060606060606061,0.15151515151515152,0.06060606060606061,0.030303030303030304,0.0,0.0,33,0.6363636363636364,state
Wisconsin,0,0.030303030303030304,0.2727272727272727,0.030303030303030304,0.030303030303030304,0.030303030303030304,0.06060606060606061,0.030303030303030304,0.06060606060606061,0.0,0.2727272727272727,0.0,0.0,0.0,0.030303030303030304,0.0,0.09090909090909091,0.0,0.0,0.030303030303030304,0.15151515151515152,0.030303030303030304,0.15151515151515152,0.030303030303030304,0.15151515151515152,0.030303030303030304,0.15151515151515152,0.06060606060606061,0.06060606060606061,0.0,0.030303030303030304,33,0.48484848484848486,state
Wyoming,1,0.030303030303030304,0.15151515151515152,0.06060606060606061,0.06060606060606061,0.06060606060606061,0.030303030303030304,0.0,0.06060606060606061,0.0,0.3333333333333333,0.0,0.0,0.0,0.0,0.0,0.0,0.0,0.0,0.0,0.24242424242424243,0.06060606060606061,0.09090909090909091,0.09090909090909091,0.18181818181818182,0.030303030303030304,0.12121212121212122,0.06060606060606061,0.12121212121212122,0.0,0.0,33,0.7575757575757576,state
'Cheval' is French for 'cow',0,0.0,0.07692307692307693,0.0,0.07692307692307693,0.0,0.1282051282051282,0.0,0.02564102564102564,0.0,0.1282051282051282,0.02564102564102564,0.0,0.0,0.02564102564102564,0.0,0.02564102564102564,0.0,0.1794871794871795,0.05128205128205128,0.4358974358974359,0.05128205128205128,0.05128205128205128,0.0,0.05128205128205128,0.02564102564102564,0.05128205128205128,0.0,0.0,0.0,0.0,39,0.41025641025641024,trivia_cow
A lightyear is a unit of distance,1,0.0,0.02564102564102564,0.0,0.05128205128205128,0.0,0.15384615384615385,0.0,0.2564102564102564,0.0,0.5128205128205128,0.0,0.02564102564102564,0.0,0.0,0.0,0.0,0.0,0.0,0.0,0.1282051282051282,0.0,0.07692307692307693,0.0,0.10256410256410256,0.0,0.2564102564102564,0.05128205128205128,0.28205128205128205,0.05128205128205128,0.02564102564102564,39,0.8974358974358975,trivia_year
A monotreme is a mammal which lays eggs,1,0.0,0.1794871794871795,0.0,0.1794871794871795,0.0,0.10256410256410256,0.0,0.10256410256410256,0.0,0.05128205128205128,0.0,0.02564102564102564,0.0,0.10256410256410256,0.10256410256410256,0.02564102564102564,0.02564102564102564,0.02564102564102564,0.0,0.3333333333333333,0.05128205128205128,0.10256410256410256,0.02564102564102564,0.10256410256410256,0.0,0.07692307692307693,0.0,0.0,0.0,0.0,39,0.4358974358974359,trivia_eggs
A muon has negative electric charge,1,0.0,0.23076923076923078,0.0,0.0,0.0,0.02564102564102564,0.0,0.05128205128205128,0.0,0.0,0.0,0.0,0.02564102564102564,0.02564102564102564,0.0,0.0,0.02564102564102564,0.07692307692307693,0.07692307692307693,0.5384615384615384,0.07692307692307693,0.02564102564102564,0.0,0.07692307692307693,0.0,0.0,0.0,0.02564102564102564,0.0,0.0,39,0.46153846153846156,trivia_muon
Abkhazia is a disputed territory in Georgia.,1,0.0,0.20512820512820512,0.0,0.23076923076923078,0.0,0.0,0.0,0.10256410256410256,0.0,0.0,0.0,0.0,0.0,0.0,0.02564102564102564,0.0,0.0,0.05128205128205128,0.07692307692307693,0.5128205128205128,0.0,0.1282051282051282,0.02564102564102564,0.02564102564102564,0.05128205128205128,0.05128205128205128,0.0,0.02564102564102564,0.0,0.02564102564102564,39,0.6410256410256411,trivia_Georgia
Albert Einstein never won a Nobel Prize in Physics,0,0.0,0.10256410256410256,0.0,0.20512820512820512,0.0,0.20512820512820512,0.0,0.28205128205128205,0.0,0.10256410256410256,0.02564102564102564,0.10256410256410256,0.0,0.10256410256410256,0.02564102564102564,0.05128205128205128,0.0,0.15384615384615385,0.02564102564102564,0.1794871794871795,0.02564102564102564,0.05128205128205128,0.02564102564102564,0.05128205128205128,0.02564102564102564,0.05128205128205128,0.0,0.07692307692307693,0.0,0.02564102564102564,39,0.3333333333333333,trivia_einstein
Alexander the Great became Pharaoh of Egypt,1,0.0,0.15384615384615385,0.0,0.20512820512820512,0.0,0.1282051282051282,0.0,0.10256410256410256,0.0,0.1794871794871795,0.05128205128205128,0.02564102564102564,0.05128205128205128,0.02564102564102564,0.02564102564102564,0.02564102564102564,0.02564102564102564,0.07692307692307693,0.0,0.28205128205128205,0.0,0.10256410256410256,0.05128205128205128,0.05128205128205128,0.05128205128205128,0.07692307692307693,0.0,0.0,0.02564102564102564,0.0,39,0.38461538461538464,trivia_alex
An alpha particle is identical to a helium nucleus,1,0.0,0.2564102564102564,0.0,0.1282051282051282,0.0,0.07692307692307693,0.0,0.0,0.0,0.0,0.02564102564102564,0.0,0.0,0.1282051282051282,0.0,0.07692307692307693,0.05128205128205128,0.02564102564102564,0.02564102564102564,0.46153846153846156,0.07692307692307693,0.07692307692307693,0.0,0.05128205128205128,0.0,0.0,0.0,0.0,0.0,0.0,39,0.3333333333333333,trivia_alpha
Avogadro's constant is greater than Planck's constant,1,0.0,0.07692307692307693,0.0,0.02564102564102564,0.0,0.07692307692307693,0.0,0.10256410256410256,0.0,0.0,0.0,0.02564102564102564,0.0,0.07692307692307693,0.0,0.0,0.0,0.0,0.02564102564102564,0.5384615384615384,0.05128205128205128,0.1794871794871795,0.02564102564102564,0.02564102564102564,0.0,0.02564102564102564,0.0,0.0,0.0,0.0,39,0.6153846153846154,trivia_constant
Billy the Kid never actually shot anyone dead,0,0.0,0.2564102564102564,0.0,0.1794871794871795,0.0,0.1282051282051282,0.0,0.05128205128205128,0.0,0.05128205128205128,0.0,0.05128205128205128,0.0,0.05128205128205128,0.0,0.10256410256410256,0.02564102564102564,0.23076923076923078,0.05128205128205128,0.23076923076923078,0.05128205128205128,0.10256410256410256,0.0,0.05128205128205128,0.02564102564102564,0.0,0.02564102564102564,0.0,0.0,0.0,39,0.38461538461538464,trivia_billy
"Birmingham, Alabama has a larger population than Birmingham, UK.",0,0.0,0.20512820512820512,0.0,0.28205128205128205,0.0,0.05128205128205128,0.0,0.05128205128205128,0.0,0.05128205128205128,0.0,0.0,0.02564102564102564,0.0,0.02564102564102564,0.0,0.0,0.05128205128205128,0.02564102564102564,0.46153846153846156,0.0,0.10256410256410256,0.05128205128205128,0.15384615384615385,0.02564102564102564,0.05128205128205128,0.0,0.0,0.0,0.02564102564102564,39,0.6666666666666666,trivia_birm
Blackbeard had a wooden leg,0,0.0,0.20512820512820512,0.0,0.20512820512820512,0.0,0.10256410256410256,0.0,0.1282051282051282,0.0,0.10256410256410256,0.0,0.02564102564102564,0.0,0.0,0.02564102564102564,0.02564102564102564,0.02564102564102564,0.0,0.0,0.3076923076923077,0.02564102564102564,0.07692307692307693,0.05128205128205128,0.05128205128205128,0.1282051282051282,0.10256410256410256,0.02564102564102564,0.07692307692307693,0.0,0.05128205128205128,39,0.5384615384615384,trivia_leg
Brass is an alloy of Copper and Mercury,0,0.0,0.2564102564102564,0.0,0.2564102564102564,0.0,0.15384615384615385,0.0,0.1282051282051282,0.0,0.02564102564102564,0.0,0.02564102564102564,0.02564102564102564,0.05128205128205128,0.05128205128205128,0.07692307692307693,0.0,0.1282051282051282,0.05128205128205128,0.28205128205128205,0.05128205128205128,0.05128205128205128,0.05128205128205128,0.07692307692307693,0.02564102564102564,0.02564102564102564,0.0,0.0,0.0,0.0,39,0.41025641025641024,trivia_brass
Centipedes are considered insects,0,0.0,0.3076923076923077,0.0,0.1282051282051282,0.0,0.23076923076923078,0.0,0.15384615384615385,0.0,0.15384615384615385,0.0,0.0,0.0,0.0,0.02564102564102564,0.05128205128205128,0.05128205128205128,0.0,0.02564102564102564,0.15384615384615385,0.02564102564102564,0.15384615384615385,0.0,0.05128205128205128,0.0,0.1282051282051282,0.0,0.23076923076923078,0.0,0.10256410256410256,39,0.6410256410256411,trivia_insects
China borders the same number of countries as Russia,1,0.0,0.1794871794871795,0.0,0.28205128205128205,0.0,0.05128205128205128,0.0,0.05128205128205128,0.0,0.07692307692307693,0.0,0.02564102564102564,0.02564102564102564,0.0,0.07692307692307693,0.05128205128205128,0.02564102564102564,0.10256410256410256,0.07692307692307693,0.38461538461538464,0.02564102564102564,0.07692307692307693,0.02564102564102564,0.07692307692307693,0.02564102564102564,0.0,0.0,0.0,0.0,0.0,39,0.41025641025641024,trivia_china
Columbus crossed the Atlantic in the Mary Rose,0,0.0,0.10256410256410256,0.0,0.1282051282051282,0.0,0.1794871794871795,0.0,0.10256410256410256,0.0,0.3333333333333333,0.1282051282051282,0.07692307692307693,0.10256410256410256,0.0,0.1282051282051282,0.15384615384615385,0.0,0.05128205128205128,0.0,0.2564102564102564,0.0,0.0,0.0,0.0,0.0,0.0,0.0,0.02564102564102564,0.02564102564102564,0.05128205128205128,39,0.1794871794871795,trivia_atlantic
Croatia is on the Iberian Peninsula.,0,0.0,0.3076923076923077,0.0,0.15384615384615385,0.0,0.02564102564102564,0.0,0.02564102564102564,0.0,0.10256410256410256,0.0,0.0,0.05128205128205128,0.05128205128205128,0.0,0.02564102564102564,0.02564102564102564,0.07692307692307693,0.05128205128205128,0.38461538461538464,0.07692307692307693,0.10256410256410256,0.05128205128205128,0.0,0.05128205128205128,0.02564102564102564,0.0,0.0,0.0,0.0,39,0.5128205128205128,trivia_iberian
Custer was defeated at Little Bighorn,1,0.0,0.1282051282051282,0.0,0.15384615384615385,0.0,0.15384615384615385,0.0,0.20512820512820512,0.0,0.15384615384615385,0.0,0.02564102564102564,0.0,0.07692307692307693,0.05128205128205128,0.02564102564102564,0.02564102564102564,0.02564102564102564,0.02564102564102564,0.2564102564102564,0.0,0.05128205128205128,0.05128205128205128,0.05128205128205128,0.02564102564102564,0.15384615384615385,0.0,0.05128205128205128,0.02564102564102564,0.07692307692307693,39,0.6410256410256411,trivia_custer
Cyprus is the only country to depict its map on its flag,0,0.0,0.3076923076923077,0.0,0.07692307692307693,0.0,0.07692307692307693,0.0,0.02564102564102564,0.0,0.0,0.0,0.0,0.02564102564102564,0.0,0.02564102564102564,0.07692307692307693,0.02564102564102564,0.07692307692307693,0.05128205128205128,0.5384615384615384,0.02564102564102564,0.10256410256410256,0.0,0.02564102564102564,0.0,0.02564102564102564,0.0,0.0,0.0,0.0,39,0.358974358974359,trivia_cyprus
Earth's atmosphere is mostly Nitrogen,1,0.0,0.15384615384615385,0.0,0.23076923076923078,0.0,0.07692307692307693,0.0,0.20512820512820512,0.0,0.2564102564102564,0.02564102564102564,0.10256410256410256,0.0,0.02564102564102564,0.02564102564102564,0.05128205128205128,0.0,0.07692307692307693,0.0,0.15384615384615385,0.02564102564102564,0.1282051282051282,0.02564102564102564,0.05128205128205128,0.07692307692307693,0.07692307692307693,0.0,0.07692307692307693,0.02564102564102564,0.05128205128205128,39,0.5641025641025641,trivia_nitrogen
Genghis Khan's real name was Temujin,1,0.0,0.15384615384615385,0.0,0.1282051282051282,0.0,0.07692307692307693,0.0,0.02564102564102564,0.0,0.07692307692307693,0.0,0.02564102564102564,0.0,0.05128205128205128,0.02564102564102564,0.0,0.02564102564102564,0.1282051282051282,0.0,0.4358974358974359,0.05128205128205128,0.07692307692307693,0.05128205128205128,0.07692307692307693,0.02564102564102564,0.02564102564102564,0.0,0.0,0.0,0.0,39,0.5128205128205128,trivia_khan
Grand Central in New York is the world's most used train station.,0,0.0,0.1282051282051282,0.0,0.20512820512820512,0.0,0.20512820512820512,0.0,0.20512820512820512,0.0,0.0,0.0,0.0,0.0,0.0,0.0,0.0,0.0,0.02564102564102564,0.0,0.1282051282051282,0.02564102564102564,0.23076923076923078,0.02564102564102564,0.1282051282051282,0.10256410256410256,0.23076923076923078,0.0,0.05128205128205128,0.02564102564102564,0.0,39,0.7692307692307693,trivia_station
Japan has the world's highest life expectancy,0,0.0,0.1794871794871795,0.0,0.1794871794871795,0.0,0.23076923076923078,0.0,0.3076923076923077,0.0,0.0,0.0,0.02564102564102564,0.0,0.05128205128205128,0.0,0.02564102564102564,0.0,0.05128205128205128,0.02564102564102564,0.1794871794871795,0.0,0.0,0.1282051282051282,0.15384615384615385,0.15384615384615385,0.10256410256410256,0.0,0.05128205128205128,0.02564102564102564,0.02564102564102564,39,0.717948717948718,trivia_japan
Joan of Arc fought at the Battle of Agincourt,0,0.0,0.28205128205128205,0.0,0.02564102564102564,0.0,0.07692307692307693,0.0,0.10256410256410256,0.0,0.05128205128205128,0.0,0.0,0.0,0.02564102564102564,0.0,0.05128205128205128,0.05128205128205128,0.05128205128205128,0.02564102564102564,0.3333333333333333,0.10256410256410256,0.10256410256410256,0.02564102564102564,0.07692307692307693,0.0,0.07692307692307693,0.0,0.02564102564102564,0.02564102564102564,0.02564102564102564,39,0.6923076923076923,trivia_joan
Johannesburg is one of South Africa's three capital cities,0,0.0,0.07692307692307693,0.0,0.28205128205128205,0.0,0.1794871794871795,0.0,0.07692307692307693,0.0,0.02564102564102564,0.0,0.0,0.0,0.02564102564102564,0.0,0.02564102564102564,0.0,0.10256410256410256,0.0,0.358974358974359,0.0,0.07692307692307693,0.02564102564102564,0.07692307692307693,0.07692307692307693,0.10256410256410256,0.0,0.10256410256410256,0.0,0.02564102564102564,39,0.7692307692307693,trivia_jhb
Jupiter was first discovered by Galileo Galilei,0,0.0,0.3333333333333333,0.0,0.1794871794871795,0.0,0.10256410256410256,0.0,0.07692307692307693,0.0,0.0,0.0,0.0,0.02564102564102564,0.05128205128205128,0.0,0.02564102564102564,0.0,0.05128205128205128,0.0,0.3333333333333333,0.0,0.1794871794871795,0.02564102564102564,0.07692307692307693,0.07692307692307693,0.10256410256410256,0.0,0.05128205128205128,0.0,0.0,39,0.7692307692307693,trivia_jupiter
Lake Baikal is the deepest lake in the world.,1,0.0,0.1794871794871795,0.0,0.10256410256410256,0.0,0.10256410256410256,0.0,0.05128205128205128,0.0,0.0,0.0,0.02564102564102564,0.0,0.05128205128205128,0.0,0.07692307692307693,0.10256410256410256,0.02564102564102564,0.05128205128205128,0.38461538461538464,0.02564102564102564,0.10256410256410256,0.07692307692307693,0.05128205128205128,0.0,0.02564102564102564,0.0,0.0,0.0,0.0,39,0.5897435897435898,trivia_baikal
Leptons are made up of quarks,0,0.0,0.15384615384615385,0.0,0.1282051282051282,0.0,0.02564102564102564,0.0,0.07692307692307693,0.0,0.0,0.0,0.02564102564102564,0.02564102564102564,0.07692307692307693,0.02564102564102564,0.02564102564102564,0.0,0.07692307692307693,0.02564102564102564,0.5384615384615384,0.07692307692307693,0.07692307692307693,0.0,0.0,0.02564102564102564,0.0,0.0,0.0,0.0,0.0,39,0.41025641025641024,trivia_leptons
Marie Antoinette was married to Louis XVI,1,0.0,0.20512820512820512,0.0,0.1794871794871795,0.0,0.10256410256410256,0.0,0.05128205128205128,0.0,0.05128205128205128,0.0,0.0,0.0,0.0,0.0,0.0,0.02564102564102564,0.07692307692307693,0.07692307692307693,0.28205128205128205,0.05128205128205128,0.1282051282051282,0.07692307692307693,0.10256410256410256,0.0,0.05128205128205128,0.10256410256410256,0.02564102564102564,0.0,0.0,39,0.8205128205128205,trivia_louis
Memphis is the state capital of Tennessee,0,0.0,0.1794871794871795,0.0,0.23076923076923078,0.0,0.10256410256410256,0.0,0.23076923076923078,0.0,0.1794871794871795,0.0,0.02564102564102564,0.0,0.0,0.07692307692307693,0.02564102564102564,0.0,0.1282051282051282,0.0,0.1282051282051282,0.07692307692307693,0.10256410256410256,0.02564102564102564,0.02564102564102564,0.02564102564102564,0.10256410256410256,0.05128205128205128,0.10256410256410256,0.05128205128205128,0.05128205128205128,39,0.46153846153846156,trivia_Memphis
More living languages originate in N/S America than Europe,1,0.0,0.20512820512820512,0.0,0.23076923076923078,0.0,0.20512820512820512,0.0,0.10256410256410256,0.0,0.05128205128205128,0.0,0.0,0.02564102564102564,0.05128205128205128,0.02564102564102564,0.07692307692307693,0.05128205128205128,0.0,0.02564102564102564,0.3333333333333333,0.05128205128205128,0.05128205128205128,0.05128205128205128,0.10256410256410256,0.05128205128205128,0.07692307692307693,0.0,0.02564102564102564,0.0,0.0,39,0.3076923076923077,trivia_living
More people speak Kyrgyz than Uzbek,0,0.0,0.23076923076923078,0.0,0.05128205128205128,0.0,0.15384615384615385,0.0,0.0,0.0,0.0,0.0,0.0,0.02564102564102564,0.07692307692307693,0.02564102564102564,0.0,0.07692307692307693,0.05128205128205128,0.02564102564102564,0.5128205128205128,0.07692307692307693,0.05128205128205128,0.0,0.02564102564102564,0.0,0.02564102564102564,0.0,0.0,0.0,0.02564102564102564,39,0.358974358974359,trivia_kyrgyz
More people speak Wu Chinese than Cantonese,1,0.0,0.15384615384615385,0.0,0.20512820512820512,0.0,0.10256410256410256,0.0,0.1282051282051282,0.0,0.02564102564102564,0.02564102564102564,0.02564102564102564,0.0,0.07692307692307693,0.0,0.10256410256410256,0.0,0.1282051282051282,0.07692307692307693,0.38461538461538464,0.02564102564102564,0.05128205128205128,0.0,0.05128205128205128,0.0,0.02564102564102564,0.0,0.0,0.0,0.0,39,0.3076923076923077,trivia_wu
Mount Kilimanjaro is higher than Denali,0,0.0,0.1794871794871795,0.0,0.2564102564102564,0.0,0.15384615384615385,0.0,0.05128205128205128,0.0,0.02564102564102564,0.0,0.0,0.0,0.0,0.02564102564102564,0.02564102564102564,0.0,0.07692307692307693,0.0,0.358974358974359,0.02564102564102564,0.05128205128205128,0.07692307692307693,0.1282051282051282,0.05128205128205128,0.15384615384615385,0.0,0.02564102564102564,0.0,0.0,39,0.6923076923076923,trivia_kili
Napoleon Bonaparte's first wife was a widow,1,0.0,0.1282051282051282,0.0,0.2564102564102564,0.0,0.02564102564102564,0.0,0.02564102564102564,0.0,0.02564102564102564,0.0,0.02564102564102564,0.0,0.0,0.10256410256410256,0.0,0.02564102564102564,0.0,0.07692307692307693,0.48717948717948717,0.05128205128205128,0.10256410256410256,0.05128205128205128,0.05128205128205128,0.0,0.02564102564102564,0.0,0.0,0.0,0.0,39,0.5641025641025641,trivia_widow
Nero was the first Roman Emperor,0,0.0,0.10256410256410256,0.0,0.1794871794871795,0.0,0.1282051282051282,0.0,0.1282051282051282,0.0,0.07692307692307693,0.02564102564102564,0.05128205128205128,0.02564102564102564,0.05128205128205128,0.02564102564102564,0.02564102564102564,0.02564102564102564,0.1282051282051282,0.0,0.3076923076923077,0.05128205128205128,0.07692307692307693,0.02564102564102564,0.07692307692307693,0.05128205128205128,0.0,0.02564102564102564,0.0,0.0,0.02564102564102564,39,0.38461538461538464,trivia_nero
Nigeria is the country with most indigenous languages,0,0.0,0.2564102564102564,0.0,0.1794871794871795,0.0,0.07692307692307693,0.0,0.0,0.0,0.02564102564102564,0.0,0.0,0.0,0.02564102564102564,0.0,0.02564102564102564,0.02564102564102564,0.07692307692307693,0.02564102564102564,0.5384615384615384,0.07692307692307693,0.05128205128205128,0.05128205128205128,0.0,0.0,0.02564102564102564,0.02564102564102564,0.02564102564102564,0.0,0.02564102564102564,39,0.6153846153846154,trivia_nigeria
Norway separated from Sweden in the 20th Century,1,0.0,0.15384615384615385,0.0,0.23076923076923078,0.0,0.1282051282051282,0.0,0.07692307692307693,0.0,0.02564102564102564,0.0,0.0,0.0,0.0,0.02564102564102564,0.05128205128205128,0.02564102564102564,0.05128205128205128,0.02564102564102564,0.41025641025641024,0.0,0.07692307692307693,0.10256410256410256,0.07692307692307693,0.02564102564102564,0.05128205128205128,0.0,0.05128205128205128,0.02564102564102564,0.0,39,0.6410256410256411,trivia_norway
"Of all the American state flags, Indiana's has the most stars.",0,0.0,0.10256410256410256,0.0,0.10256410256410256,0.0,0.1282051282051282,0.0,0.10256410256410256,0.0,0.02564102564102564,0.0,0.0,0.05128205128205128,0.02564102564102564,0.07692307692307693,0.02564102564102564,0.0,0.10256410256410256,0.02564102564102564,0.5128205128205128,0.02564102564102564,0.02564102564102564,0.02564102564102564,0.07692307692307693,0.0,0.0,0.0,0.0,0.0,0.02564102564102564,39,0.41025641025641024,trivia_indiana
Paraguay is a landlocked country.,1,0.0,0.23076923076923078,0.0,0.1282051282051282,0.0,0.07692307692307693,0.0,0.10256410256410256,0.0,0.02564102564102564,0.0,0.02564102564102564,0.0,0.0,0.0,0.02564102564102564,0.02564102564102564,0.10256410256410256,0.02564102564102564,0.38461538461538464,0.02564102564102564,0.1794871794871795,0.02564102564102564,0.07692307692307693,0.05128205128205128,0.02564102564102564,0.0,0.0,0.02564102564102564,0.0,39,0.717948717948718,trivia_landl
Part of the Andes mountain range is in Brazil.,0,0.0,0.358974358974359,0.0,0.23076923076923078,0.0,0.05128205128205128,0.0,0.1282051282051282,0.0,0.02564102564102564,0.0,0.0,0.0,0.02564102564102564,0.02564102564102564,0.02564102564102564,0.07692307692307693,0.10256410256410256,0.05128205128205128,0.23076923076923078,0.1282051282051282,0.05128205128205128,0.05128205128205128,0.1794871794871795,0.0,0.0,0.02564102564102564,0.0,0.0,0.02564102564102564,39,0.6666666666666666,trivia_andes
Portuguese is the official language of Mozambique,1,0.0,0.15384615384615385,0.0,0.15384615384615385,0.0,0.10256410256410256,0.0,0.05128205128205128,0.0,0.10256410256410256,0.02564102564102564,0.05128205128205128,0.02564102564102564,0.07692307692307693,0.07692307692307693,0.1282051282051282,0.0,0.05128205128205128,0.0,0.38461538461538464,0.02564102564102564,0.10256410256410256,0.02564102564102564,0.02564102564102564,0.0,0.0,0.0,0.0,0.0,0.0,39,0.41025641025641024,trivia_mozam
Red is higher frequency light than Blue,0,0.0,0.23076923076923078,0.0,0.15384615384615385,0.0,0.07692307692307693,0.0,0.1794871794871795,0.0,0.10256410256410256,0.0,0.0,0.0,0.0,0.0,0.05128205128205128,0.0,0.05128205128205128,0.02564102564102564,0.23076923076923078,0.05128205128205128,0.15384615384615385,0.07692307692307693,0.02564102564102564,0.02564102564102564,0.10256410256410256,0.02564102564102564,0.1282051282051282,0.0,0.02564102564102564,39,0.6153846153846154,trivia_red
Schuyler Colfax was Abraham Lincoln's Vice President,0,0.0,0.15384615384615385,0.0,0.1282051282051282,0.0,0.1282051282051282,0.0,0.1794871794871795,0.0,0.02564102564102564,0.02564102564102564,0.05128205128205128,0.02564102564102564,0.05128205128205128,0.07692307692307693,0.10256410256410256,0.0,0.02564102564102564,0.0,0.4358974358974359,0.0,0.05128205128205128,0.02564102564102564,0.07692307692307693,0.0,0.02564102564102564,0.0,0.0,0.0,0.0,39,0.2564102564102564,trivia_lincoln
Shanghai has a greater population than Beijing,1,0.0,0.20512820512820512,0.0,0.15384615384615385,0.0,0.23076923076923078,0.0,0.02564102564102564,0.0,0.02564102564102564,0.02564102564102564,0.02564102564102564,0.0,0.0,0.0,0.0,0.02564102564102564,0.15384615384615385,0.05128205128205128,0.38461538461538464,0.05128205128205128,0.1794871794871795,0.0,0.07692307692307693,0.0,0.02564102564102564,0.0,0.0,0.0,0.0,39,0.5384615384615384,trivia_Beijing
Sir Winston churchil was a Labour Prime Minister,0,0.0,0.2564102564102564,0.0,0.2564102564102564,0.0,0.1282051282051282,0.0,0.07692307692307693,0.0,0.05128205128205128,0.0,0.0,0.02564102564102564,0.02564102564102564,0.05128205128205128,0.0,0.07692307692307693,0.07692307692307693,0.0,0.3333333333333333,0.02564102564102564,0.15384615384615385,0.0,0.10256410256410256,0.0,0.10256410256410256,0.02564102564102564,0.0,0.0,0.0,39,0.717948717948718,trivia_churchil
Socrates was sentenced to death,1,0.0,0.05128205128205128,0.0,0.2564102564102564,0.0,0.3076923076923077,0.0,0.02564102564102564,0.0,0.07692307692307693,0.0,0.05128205128205128,0.02564102564102564,0.0,0.0,0.05128205128205128,0.0,0.10256410256410256,0.05128205128205128,0.28205128205128205,0.02564102564102564,0.1282051282051282,0.0,0.05128205128205128,0.07692307692307693,0.10256410256410256,0.02564102564102564,0.02564102564102564,0.0,0.0,39,0.6410256410256411,trivia_death
Stephenson's Rocket was the first steam locomotive,0,0.0,0.28205128205128205,0.0,0.10256410256410256,0.0,0.1282051282051282,0.0,0.05128205128205128,0.0,0.0,0.0,0.02564102564102564,0.0,0.05128205128205128,0.0,0.02564102564102564,0.10256410256410256,0.07692307692307693,0.07692307692307693,0.38461538461538464,0.02564102564102564,0.1282051282051282,0.0,0.05128205128205128,0.0,0.02564102564102564,0.02564102564102564,0.0,0.0,0.0,39,0.358974358974359,trivia_rocket
The Berlin Wall was constructed by East Germany,1,0.0,0.20512820512820512,0.0,0.20512820512820512,0.0,0.23076923076923078,0.0,0.07692307692307693,0.0,0.10256410256410256,0.0,0.02564102564102564,0.0,0.0,0.02564102564102564,0.05128205128205128,0.0,0.02564102564102564,0.0,0.23076923076923078,0.05128205128205128,0.05128205128205128,0.0,0.23076923076923078,0.07692307692307693,0.10256410256410256,0.02564102564102564,0.07692307692307693,0.0,0.02564102564102564,39,0.8461538461538461,trivia_Berlin
The Crimean War was fought before the Boer Wars,1,0.0,0.1282051282051282,0.0,0.10256410256410256,0.0,0.05128205128205128,0.0,0.05128205128205128,0.0,0.02564102564102564,0.0,0.0,0.0,0.02564102564102564,0.05128205128205128,0.02564102564102564,0.0,0.02564102564102564,0.0,0.6153846153846154,0.02564102564102564,0.10256410256410256,0.02564102564102564,0.07692307692307693,0.0,0.0,0.0,0.0,0.0,0.02564102564102564,39,0.5384615384615384,trivia_Boer
The Empire State Building has its own zip code.,1,0.0,0.2564102564102564,0.0,0.20512820512820512,0.0,0.1794871794871795,0.0,0.10256410256410256,0.0,0.05128205128205128,0.02564102564102564,0.07692307692307693,0.02564102564102564,0.0,0.05128205128205128,0.15384615384615385,0.02564102564102564,0.10256410256410256,0.02564102564102564,0.20512820512820512,0.0,0.07692307692307693,0.05128205128205128,0.07692307692307693,0.0,0.05128205128205128,0.0,0.02564102564102564,0.0,0.0,39,0.48717948717948717,trivia_zip
The Faroe Islands are an Icelandic territory.,0,0.0,0.15384615384615385,0.0,0.1282051282051282,0.0,0.07692307692307693,0.0,0.0,0.0,0.02564102564102564,0.0,0.0,0.0,0.0,0.02564102564102564,0.07692307692307693,0.0,0.07692307692307693,0.10256410256410256,0.41025641025641024,0.05128205128205128,0.10256410256410256,0.02564102564102564,0.05128205128205128,0.0,0.02564102564102564,0.0,0.02564102564102564,0.0,0.0,39,0.5641025641025641,trivia_faroe
The Indian Ocean is the third largest ocean in the world,1,0.0,0.23076923076923078,0.0,0.1282051282051282,0.0,0.23076923076923078,0.0,0.1282051282051282,0.0,0.05128205128205128,0.0,0.0,0.0,0.02564102564102564,0.0,0.02564102564102564,0.02564102564102564,0.07692307692307693,0.0,0.38461538461538464,0.0,0.07692307692307693,0.02564102564102564,0.07692307692307693,0.1282051282051282,0.10256410256410256,0.0,0.0,0.02564102564102564,0.02564102564102564,39,0.6923076923076923,trivia_Ocean
The Iron Age comes after the Bronze Age,1,0.0,0.1794871794871795,0.0,0.15384615384615385,0.0,0.1794871794871795,0.0,0.23076923076923078,0.0,0.10256410256410256,0.0,0.0,0.0,0.0,0.0,0.05128205128205128,0.02564102564102564,0.10256410256410256,0.05128205128205128,0.1282051282051282,0.05128205128205128,0.07692307692307693,0.02564102564102564,0.15384615384615385,0.07692307692307693,0.10256410256410256,0.0,0.07692307692307693,0.05128205128205128,0.02564102564102564,39,0.6923076923076923,trivia_iron
The Magna Carta was signed in Rome,0,0.0,0.15384615384615385,0.0,0.1282051282051282,0.0,0.1282051282051282,0.0,0.20512820512820512,0.0,0.10256410256410256,0.0,0.02564102564102564,0.07692307692307693,0.07692307692307693,0.02564102564102564,0.02564102564102564,0.0,0.15384615384615385,0.0,0.28205128205128205,0.0,0.10256410256410256,0.10256410256410256,0.02564102564102564,0.05128205128205128,0.05128205128205128,0.0,0.0,0.0,0.0,39,0.3333333333333333,trivia_rome
The Nile River is more than double the length of the Volga,0,0.0,0.1794871794871795,0.0,0.23076923076923078,0.0,0.10256410256410256,0.0,0.10256410256410256,0.0,0.0,0.0,0.0,0.02564102564102564,0.02564102564102564,0.0,0.0,0.0,0.05128205128205128,0.0,0.28205128205128205,0.05128205128205128,0.15384615384615385,0.05128205128205128,0.02564102564102564,0.05128205128205128,0.15384615384615385,0.07692307692307693,0.02564102564102564,0.0,0.02564102564102564,39,0.8461538461538461,trivia_nile
The Rosetta Stone contains an Ancient Greek section,1,0.0,0.23076923076923078,0.0,0.20512820512820512,0.0,0.07692307692307693,0.0,0.07692307692307693,0.0,0.02564102564102564,0.0,0.02564102564102564,0.0,0.02564102564102564,0.05128205128205128,0.02564102564102564,0.0,0.05128205128205128,0.05128205128205128,0.358974358974359,0.05128205128205128,0.1282051282051282,0.02564102564102564,0.07692307692307693,0.05128205128205128,0.07692307692307693,0.0,0.0,0.0,0.0,39,0.6410256410256411,trivia_Rosetta
The Rub' al Khali is the longest river in Saudi Arabia.,0,0.0,0.05128205128205128,0.0,0.20512820512820512,0.0,0.07692307692307693,0.0,0.02564102564102564,0.0,0.02564102564102564,0.02564102564102564,0.0,0.0,0.02564102564102564,0.0,0.05128205128205128,0.0,0.05128205128205128,0.02564102564102564,0.5128205128205128,0.02564102564102564,0.07692307692307693,0.05128205128205128,0.05128205128205128,0.07692307692307693,0.0,0.0,0.0,0.0,0.02564102564102564,39,0.5384615384615384,trivia_riverSA
The Russian Cyrillic alphabet contains 29 letters,0,0.0,0.2564102564102564,0.0,0.15384615384615385,0.0,0.02564102564102564,0.0,0.05128205128205128,0.0,0.0,0.0,0.0,0.0,0.02564102564102564,0.1282051282051282,0.0,0.07692307692307693,0.02564102564102564,0.0,0.41025641025641024,0.05128205128205128,0.1282051282051282,0.0,0.05128205128205128,0.02564102564102564,0.02564102564102564,0.0,0.02564102564102564,0.0,0.0,39,0.7631578947368421,trivia_russian
The Sahara Desert has a greater area than USA,0,0.0,0.2564102564102564,0.0,0.20512820512820512,0.0,0.15384615384615385,0.0,0.1282051282051282,0.0,0.05128205128205128,0.0,0.0,0.02564102564102564,0.02564102564102564,0.02564102564102564,0.05128205128205128,0.05128205128205128,0.10256410256410256,0.02564102564102564,0.3076923076923077,0.02564102564102564,0.1282051282051282,0.07692307692307693,0.0,0.05128205128205128,0.05128205128205128,0.0,0.02564102564102564,0.0,0.02564102564102564,39,0.46153846153846156,trivia_sahara
The White House was built before Big Ben,1,0.0,0.23076923076923078,0.0,0.10256410256410256,0.0,0.15384615384615385,0.0,0.1282051282051282,0.0,0.02564102564102564,0.02564102564102564,0.0,0.05128205128205128,0.02564102564102564,0.02564102564102564,0.05128205128205128,0.0,0.1282051282051282,0.02564102564102564,0.3076923076923077,0.05128205128205128,0.15384615384615385,0.02564102564102564,0.0,0.02564102564102564,0.0,0.02564102564102564,0.05128205128205128,0.0,0.02564102564102564,39,0.41025641025641024,trivia_bigben
The aorta is a vein,0,0.0,0.20512820512820512,0.0,0.15384615384615385,0.0,0.15384615384615385,0.0,0.1794871794871795,0.0,0.1282051282051282,0.02564102564102564,0.02564102564102564,0.02564102564102564,0.02564102564102564,0.0,0.02564102564102564,0.07692307692307693,0.05128205128205128,0.05128205128205128,0.1794871794871795,0.0,0.10256410256410256,0.07692307692307693,0.1794871794871795,0.05128205128205128,0.05128205128205128,0.0,0.02564102564102564,0.0,0.02564102564102564,39,0.5897435897435898,trivia_aorta
The chemical symbol for Tin is Sn,1,0.0,0.1794871794871795,0.0,0.20512820512820512,0.0,0.1794871794871795,0.0,0.05128205128205128,0.0,0.07692307692307693,0.0,0.0,0.0,0.02564102564102564,0.0,0.02564102564102564,0.07692307692307693,0.10256410256410256,0.0,0.3333333333333333,0.05128205128205128,0.20512820512820512,0.0,0.0,0.02564102564102564,0.10256410256410256,0.0,0.05128205128205128,0.0,0.0,39,0.6410256410256411,trivia_Tin
The currency of Switzerland is the Euro,0,0.0,0.28205128205128205,0.0,0.1794871794871795,0.0,0.1794871794871795,0.0,0.20512820512820512,0.0,0.07692307692307693,0.0,0.0,0.0,0.05128205128205128,0.0,0.05128205128205128,0.0,0.0,0.05128205128205128,0.1794871794871795,0.02564102564102564,0.02564102564102564,0.07692307692307693,0.10256410256410256,0.15384615384615385,0.1282051282051282,0.07692307692307693,0.05128205128205128,0.0,0.02564102564102564,39,0.6153846153846154,trivia_euro
The dot above an 'i' or 'j' is called a 'tittle',1,0.0,0.1794871794871795,0.0,0.20512820512820512,0.0,0.1282051282051282,0.0,0.05128205128205128,0.0,0.05128205128205128,0.0,0.02564102564102564,0.0,0.02564102564102564,0.02564102564102564,0.02564102564102564,0.0,0.15384615384615385,0.02564102564102564,0.358974358974359,0.02564102564102564,0.07692307692307693,0.02564102564102564,0.05128205128205128,0.07692307692307693,0.07692307692307693,0.0,0.0,0.0,0.0,39,0.6410256410256411,trivia_dot
The island of Borneo is occupied by three countries,1,0.0,0.20512820512820512,0.0,0.10256410256410256,0.0,0.10256410256410256,0.0,0.0,0.0,0.05128205128205128,0.0,0.0,0.0,0.0,0.05128205128205128,0.1282051282051282,0.05128205128205128,0.07692307692307693,0.05128205128205128,0.41025641025641024,0.0,0.07692307692307693,0.02564102564102564,0.05128205128205128,0.0,0.05128205128205128,0.0,0.0,0.0,0.02564102564102564,39,0.5128205128205128,trivia_Borneo
The longest bone in the human body is the femur,1,0.0,0.23076923076923078,0.0,0.20512820512820512,0.0,0.05128205128205128,0.0,0.2564102564102564,0.0,0.1794871794871795,0.0,0.02564102564102564,0.0,0.0,0.0,0.0,0.0,0.02564102564102564,0.05128205128205128,0.20512820512820512,0.02564102564102564,0.1282051282051282,0.07692307692307693,0.02564102564102564,0.05128205128205128,0.1794871794871795,0.0,0.07692307692307693,0.05128205128205128,0.07692307692307693,39,0.9487179487179487,trivia_femur
The point furthest from Earth's center is in Ecuador.,1,0.0,0.1282051282051282,0.0,0.15384615384615385,0.0,0.20512820512820512,0.0,0.1282051282051282,0.0,0.1282051282051282,0.02564102564102564,0.05128205128205128,0.02564102564102564,0.10256410256410256,0.10256410256410256,0.0,0.02564102564102564,0.07692307692307693,0.02564102564102564,0.28205128205128205,0.0,0.07692307692307693,0.02564102564102564,0.07692307692307693,0.0,0.05128205128205128,0.0,0.05128205128205128,0.0,0.0,39,0.3076923076923077,trivia_ecuador
There are 24 letters in the Greek alphabet,1,0.0,0.23076923076923078,0.0,0.1282051282051282,0.0,0.1282051282051282,0.0,0.02564102564102564,0.0,0.05128205128205128,0.0,0.0,0.0,0.0,0.05128205128205128,0.0,0.02564102564102564,0.02564102564102564,0.0,0.38461538461538464,0.1282051282051282,0.1282051282051282,0.05128205128205128,0.0,0.0,0.10256410256410256,0.0,0.05128205128205128,0.02564102564102564,0.02564102564102564,39,0.7435897435897436,trivia_Greek
There are more 5 letter words than 12 letter words,0,0.0,0.05128205128205128,0.0,0.3333333333333333,0.0,0.07692307692307693,0.0,0.2564102564102564,0.0,0.1794871794871795,0.0,0.0,0.0,0.02564102564102564,0.0,0.0,0.02564102564102564,0.02564102564102564,0.0,0.1282051282051282,0.0,0.07692307692307693,0.05128205128205128,0.1282051282051282,0.02564102564102564,0.2564102564102564,0.0,0.20512820512820512,0.02564102564102564,0.02564102564102564,39,0.8461538461538461,trivia_letters
There are more countries in Africa than Asia,1,0.0,0.23076923076923078,0.0,0.3076923076923077,0.0,0.15384615384615385,0.0,0.23076923076923078,0.0,0.02564102564102564,0.02564102564102564,0.02564102564102564,0.0,0.02564102564102564,0.02564102564102564,0.02564102564102564,0.02564102564102564,0.02564102564102564,0.0,0.1282051282051282,0.10256410256410256,0.1282051282051282,0.05128205128205128,0.15384615384615385,0.05128205128205128,0.1794871794871795,0.0,0.02564102564102564,0.0,0.0,39,0.8974358974358975,trivia_africa
There are more native Japanese speakers than native French speakers,1,0.0,0.15384615384615385,0.0,0.28205128205128205,0.0,0.20512820512820512,0.0,0.10256410256410256,0.0,0.02564102564102564,0.0,0.0,0.0,0.07692307692307693,0.02564102564102564,0.05128205128205128,0.0,0.07692307692307693,0.07692307692307693,0.23076923076923078,0.05128205128205128,0.07692307692307693,0.0,0.05128205128205128,0.10256410256410256,0.15384615384615385,0.0,0.0,0.0,0.0,39,0.5897435897435898,trivia_french
There are no single word anagrams of the word 'anagram',1,0.0,0.2564102564102564,0.0,0.23076923076923078,0.0,0.10256410256410256,0.0,0.05128205128205128,0.0,0.05128205128205128,0.02564102564102564,0.0,0.0,0.05128205128205128,0.02564102564102564,0.05128205128205128,0.02564102564102564,0.0,0.0,0.3333333333333333,0.0,0.1282051282051282,0.1282051282051282,0.1282051282051282,0.05128205128205128,0.0,0.0,0.0,0.0,0.02564102564102564,39,0.6410256410256411,trivia_anagram
There is no German word meaning 'fluffy',0,0.0,0.20512820512820512,0.0,0.1282051282051282,0.0,0.1794871794871795,0.0,0.07692307692307693,0.0,0.0,0.05128205128205128,0.0,0.02564102564102564,0.10256410256410256,0.07692307692307693,0.02564102564102564,0.0,0.07692307692307693,0.0,0.3333333333333333,0.02564102564102564,0.05128205128205128,0.07692307692307693,0.10256410256410256,0.02564102564102564,0.0,0.0,0.02564102564102564,0.0,0.0,39,0.3076923076923077,trivia_fluffy
Transnistria is a disputed territory in Moldova,1,0.0,0.15384615384615385,0.0,0.1282051282051282,0.0,0.05128205128205128,0.0,0.02564102564102564,0.0,0.0,0.0,0.02564102564102564,0.0,0.0,0.02564102564102564,0.05128205128205128,0.0,0.10256410256410256,0.07692307692307693,0.5641025641025641,0.02564102564102564,0.0,0.02564102564102564,0.10256410256410256,0.0,0.0,0.0,0.0,0.0,0.0,39,0.358974358974359,trivia_moldova
Uranus is bigger than Saturn,0,0.0,0.28205128205128205,0.0,0.1794871794871795,0.0,0.20512820512820512,0.0,0.15384615384615385,0.0,0.10256410256410256,0.07692307692307693,0.05128205128205128,0.02564102564102564,0.07692307692307693,0.02564102564102564,0.02564102564102564,0.07692307692307693,0.15384615384615385,0.0,0.1282051282051282,0.0,0.07692307692307693,0.0,0.10256410256410256,0.05128205128205128,0.0,0.02564102564102564,0.10256410256410256,0.0,0.0,39,0.358974358974359,trivia_uranus
VJ Day occurred prior to VE Day,0,0.0,0.1282051282051282,0.0,0.15384615384615385,0.0,0.02564102564102564,0.0,0.10256410256410256,0.0,0.1282051282051282,0.05128205128205128,0.05128205128205128,0.0,0.07692307692307693,0.02564102564102564,0.05128205128205128,0.05128205128205128,0.07692307692307693,0.07692307692307693,0.358974358974359,0.0,0.10256410256410256,0.0,0.02564102564102564,0.0,0.02564102564102564,0.02564102564102564,0.0,0.0,0.0,39,0.3333333333333333,trivia_vjday
Wellington is located on New Zealand's North Island.,1,0.0,0.1794871794871795,0.0,0.10256410256410256,0.0,0.05128205128205128,0.0,0.02564102564102564,0.0,0.02564102564102564,0.0,0.02564102564102564,0.0,0.0,0.0,0.02564102564102564,0.0,0.1282051282051282,0.07692307692307693,0.46153846153846156,0.0,0.07692307692307693,0.05128205128205128,0.02564102564102564,0.05128205128205128,0.0,0.0,0.05128205128205128,0.0,0.02564102564102564,39,0.717948717948718,trivia_newz
"When Hydrogen nuclei fuse, total mass decreases",1,0.0,0.1282051282051282,0.0,0.15384615384615385,0.0,0.10256410256410256,0.0,0.07692307692307693,0.0,0.02564102564102564,0.0,0.02564102564102564,0.02564102564102564,0.07692307692307693,0.0,0.02564102564102564,0.05128205128205128,0.05128205128205128,0.02564102564102564,0.4358974358974359,0.0,0.10256410256410256,0.0,0.07692307692307693,0.0,0.10256410256410256,0.0,0.0,0.0,0.0,39,0.358974358974359,trivia_hydrogen
William Wallace lived before King Macbeth,0,0.0,0.1794871794871795,0.0,0.07692307692307693,0.0,0.1794871794871795,0.0,0.10256410256410256,0.0,0.02564102564102564,0.0,0.02564102564102564,0.0,0.02564102564102564,0.02564102564102564,0.07692307692307693,0.0,0.05128205128205128,0.02564102564102564,0.41025641025641024,0.05128205128205128,0.07692307692307693,0.05128205128205128,0.07692307692307693,0.02564102564102564,0.05128205128205128,0.0,0.0,0.02564102564102564,0.0,39,0.5384615384615384,trivia_macbeth
1 - malignant nodular melanoma.jpg,1,0.0,0.08,0.0,0.0,0.0,0.04,0.0,0.28,0.0,0.12,0.0,0.0,0.0,0.0,0.0,0.0,0.0,0.04,0.0,0.04,0.0,0.0,0.0,0.0,0.0,0.24,0.0,0.12,0.0,0.08,25,0.9230769230769231,dermatology
10 - Malignant melanoma 3 (SSM).jpg,1,0.0,0.04,0.0,0.04,0.0,0.04,0.0,0.28,0.0,0.12,0.0,0.0,0.0,0.0,0.0,0.0,0.0,0.04,0.0,0.04,0.0,0.04,0.0,0.04,0.0,0.08,0.0,0.16,0.0,0.12,25,0.8461538461538461,dermatology
11 - Benign hemangioma.jpg,0,0.0,0.0,0.0,0.04,0.0,0.12,0.0,0.2,0.0,0.12,0.0,0.0,0.0,0.0,0.0,0.0,0.0,0.04,0.0,0.04,0.0,0.0,0.0,0.04,0.0,0.16,0.0,0.04,0.0,0.16,25,0.8333333333333334,dermatology
11 - malignant melanoma 4 (SSM).jpg,1,0.0,0.04,0.0,0.0,0.0,0.12,0.0,0.28,0.0,0.56,0.0,0.0,0.0,0.0,0.0,0.0,0.0,0.0,0.0,0.04,0.0,0.04,0.0,0.04,0.0,0.12,0.0,0.32,0.0,0.44,25,0.96,dermatology
12 - Malignant melanoma 5 (SSM).jpg,1,0.0,0.0,0.0,0.04,0.0,0.2,0.0,0.4,0.0,0.36,0.0,0.0,0.0,0.0,0.0,0.04,0.0,0.0,0.0,0.04,0.0,0.08,0.0,0.08,0.0,0.32,0.0,0.12,0.0,0.32,25,0.96,dermatology
15- Malignant ListaImagens\basal_cell_carcinoma102.jpg,1,0.0,0.0,0.0,0.0,0.0,0.04,0.0,0.04,0.0,0.44,0.0,0.0,0.0,0.0,0.0,0.0,0.0,0.0,0.0,0.0,0.0,0.04,0.0,0.0,0.0,0.0,0.0,0.12,0.0,0.36,25,1.0,dermatology
17 - Benign Junctional Nevus.jpg,0,0.0,0.04,0.0,0.0,0.0,0.24,0.0,0.16,0.0,0.0,0.0,0.0,0.0,0.0,0.0,0.04,0.0,0.0,0.0,0.08,0.0,0.08,0.0,0.08,0.0,0.16,0.0,0.04,0.0,0.0,25,0.9166666666666666,dermatology
17 - Malignant ListaImagens\basal_cell_carcinoma116.jpg,1,0.0,0.0,0.0,0.0,0.0,0.2,0.0,0.12,0.0,0.2,0.0,0.0,0.0,0.0,0.0,0.0,0.0,0.0,0.0,0.08,0.0,0.08,0.0,0.08,0.0,0.04,0.0,0.08,0.0,0.16,25,0.8461538461538461,dermatology
18 - Benign Granuloma Pyogenicum.jpg,0,0.0,0.12,0.0,0.16,0.0,0.24,0.0,0.44,0.0,0.04,0.0,0.0,0.0,0.08,0.0,0.16,0.0,0.12,0.0,0.12,0.0,0.2,0.0,0.16,0.0,0.04,0.0,0.12,0.0,0.0,25,0.56,dermatology
19 - Benign eclipse_nevus_7_080322.jpg,0,0.0,0.08,0.0,0.16,0.0,0.12,0.0,0.08,0.0,0.04,0.0,0.04,0.0,0.0,0.0,0.2,0.0,0.08,0.0,0.12,0.0,0.0,0.0,0.04,0.0,0.0,0.0,0.0,0.0,0.0,25,0.16666666666666666,dermatology
19 - Malignant ListaImagens\basal_cell_carcinoma133.jpg,1,0.0,0.04,0.0,0.12,0.0,0.24,0.0,0.36,0.0,0.2,0.0,0.0,0.0,0.0,0.0,0.0,0.0,0.04,0.0,0.2,0.0,0.12,0.0,0.16,0.0,0.24,0.0,0.24,0.0,0.0,25,0.84,dermatology
2 - benign trichoblastoma.jpg,0,0.0,0.0,0.0,0.08,0.0,0.2,0.0,0.16,0.0,0.04,0.0,0.0,0.0,0.04,0.0,0.04,0.0,0.04,0.0,0.04,0.0,0.08,0.0,0.16,0.0,0.04,0.0,0.04,0.0,0.0,25,0.5833333333333334,dermatology
2 - maligant basal cell carcinoma morpheform.jpg,1,0.0,0.08,0.0,0.08,0.0,0.12,0.0,0.12,0.0,0.12,0.0,0.0,0.0,0.0,0.0,0.04,0.0,0.0,0.0,0.16,0.0,0.08,0.0,0.08,0.0,0.04,0.0,0.04,0.0,0.08,25,0.7692307692307693,dermatology
20 - Benign sebker_1_011003.jpg,0,0.0,0.0,0.0,0.04,0.0,0.08,0.0,0.32,0.0,0.56,0.0,0.16,0.0,0.12,0.0,0.04,0.0,0.0,0.0,0.04,0.0,0.0,0.0,0.0,0.0,0.0,0.0,0.08,0.0,0.04,25,0.0,dermatology
21 - Malignant ListaImagens\basal_cell_carcinoma163.jpg,1,0.0,0.04,0.0,0.04,0.0,0.12,0.0,0.48,0.0,0.32,0.0,0.0,0.0,0.0,0.0,0.04,0.0,0.04,0.0,0.04,0.0,0.12,0.0,0.12,0.0,0.28,0.0,0.16,0.0,0.2,25,0.88,dermatology
22 - Benign ListaImagens\angiokeratoma-solitary_angiokeratoma4.jpg,0,0.0,0.04,0.0,0.04,0.0,0.08,0.0,0.24,0.0,0.04,0.0,0.0,0.0,0.04,0.0,0.0,0.0,0.04,0.0,0.12,0.0,0.04,0.0,0.04,0.0,0.04,0.0,0.16,0.0,0.0,25,0.5833333333333334,dermatology
22 - Malignant ListaImagens\basal_cell_carcinoma16.jpg,1,0.0,0.0,0.0,0.16,0.0,0.16,0.0,0.08,0.0,0.04,0.0,0.0,0.0,0.0,0.0,0.08,0.0,0.16,0.0,0.16,0.0,0.04,0.0,0.0,0.0,0.0,0.0,0.08,0.0,0.0,25,0.23076923076923078,dermatology
23 - Benign ListaImagens\Angiokeratoma-Solitary_Angiokeratoma2.jpg,0,0.0,0.0,0.0,0.12,0.0,0.36,0.0,0.32,0.0,0.2,0.0,0.0,0.0,0.0,0.0,0.04,0.0,0.0,0.0,0.08,0.0,0.16,0.0,0.16,0.0,0.32,0.0,0.08,0.0,0.16,25,0.92,dermatology
24 - Malignant ListaImagens\basal_cell_carcinoma217.jpg,1,0.0,0.0,0.0,0.24,0.0,0.24,0.0,0.36,0.0,0.16,0.0,0.0,0.0,0.04,0.0,0.0,0.0,0.04,0.0,0.28,0.0,0.08,0.0,0.16,0.0,0.2,0.0,0.16,0.0,0.04,25,0.76,dermatology
26 - Malignant ListaImagens\basal_cell_carcinoma8.jpg,1,0.0,0.04,0.0,0.12,0.0,0.24,0.0,0.28,0.0,0.32,0.0,0.0,0.0,0.0,0.0,0.0,0.0,0.04,0.0,0.2,0.0,0.08,0.0,0.04,0.0,0.2,0.0,0.28,0.0,0.16,25,0.8,dermatology
27 - Malignant ListaImagens\basal_cell_carcinoma90.jpg,1,0.0,0.0,0.0,0.04,0.0,0.04,0.0,0.48,0.0,0.44,0.0,0.0,0.0,0.0,0.0,0.0,0.0,0.0,0.0,0.04,0.0,0.04,0.0,0.08,0.0,0.16,0.0,0.36,0.0,0.32,25,1.0,dermatology
28 - Malignant Squamous Cell Carcinoma ListaImagens\Bowen's_Disease4.jpg,1,0.0,0.0,0.0,0.0,0.0,0.04,0.0,0.16,0.0,0.32,0.0,0.0,0.0,0.0,0.0,0.0,0.0,0.0,0.0,0.0,0.0,0.0,0.0,0.04,0.0,0.08,0.0,0.2,0.0,0.2,25,1.0,dermatology
29- Malignant ListaImagens\melanocytic_naevi_congenital1.jpg,1,0.0,0.0,0.0,0.04,0.0,0.04,0.0,0.2,0.0,0.24,0.0,0.08,0.0,0.04,0.0,0.08,0.0,0.0,0.0,0.0,0.0,0.04,0.0,0.0,0.0,0.04,0.0,0.0,0.0,0.04,25,0.0,dermatology
3 - benign dermatofibroma.jpg,0,0.0,0.16,0.0,0.16,0.0,0.36,0.0,0.24,0.0,0.04,0.0,0.08,0.0,0.16,0.0,0.04,0.0,0.04,0.0,0.28,0.0,0.24,0.0,0.08,0.0,0.0,0.0,0.04,0.0,0.0,25,0.24,dermatology
30 - Malignant ListaImagens\melanocytic_naevi_intrademal1.jpg,1,0.0,0.0,0.0,0.24,0.0,0.12,0.0,0.16,0.0,0.0,0.0,0.0,0.0,0.08,0.0,0.04,0.0,0.24,0.0,0.0,0.0,0.08,0.0,0.08,0.0,0.0,0.0,0.0,0.0,0.0,25,0.23076923076923078,dermatology
31 - Malignant ListaImagens\melanocytic_naevi_intradermal3.jpg,1,0.0,0.0,0.0,0.0,0.0,0.08,0.0,0.2,0.0,0.24,0.0,0.12,0.0,0.12,0.0,0.08,0.0,0.0,0.0,0.0,0.0,0.0,0.0,0.0,0.0,0.04,0.0,0.0,0.0,0.0,25,0.0,dermatology
32 - Malignant ListaImagens\melanoma12.jpg,1,0.0,0.0,0.0,0.08,0.0,0.0,0.0,0.44,0.0,0.48,0.0,0.0,0.0,0.0,0.0,0.0,0.0,0.04,0.0,0.04,0.0,0.0,0.0,0.0,0.0,0.16,0.0,0.44,0.0,0.32,25,1.0,dermatology
33 - Malignant ListaImagens\melanoma14.jpg,1,0.0,0.0,0.0,0.0,0.0,0.24,0.0,0.2,0.0,0.04,0.0,0.04,0.0,0.08,0.0,0.16,0.0,0.0,0.0,0.08,0.0,0.08,0.0,0.0,0.0,0.04,0.0,0.0,0.0,0.04,25,0.15384615384615385,dermatology
35 - Malignant ListaImagens\melanoma33.jpg,1,0.0,0.08,0.0,0.24,0.0,0.44,0.0,0.2,0.0,0.04,0.0,0.04,0.0,0.0,0.0,0.16,0.0,0.32,0.0,0.16,0.0,0.08,0.0,0.12,0.0,0.04,0.0,0.04,0.0,0.0,25,0.48,dermatology
36 - Benign ListaImagens\furuncle7.jpg,0,0.0,0.04,0.0,0.08,0.0,0.2,0.0,0.12,0.0,0.04,0.0,0.0,0.0,0.0,0.0,0.0,0.0,0.04,0.0,0.08,0.0,0.04,0.0,0.16,0.0,0.12,0.0,0.0,0.0,0.04,25,0.6666666666666666,dermatology
36 - Malignant ListaImagens\melanoma58.jpg,1,0.0,0.04,0.0,0.04,0.0,0.52,0.0,0.28,0.0,0.12,0.0,0.0,0.0,0.0,0.0,0.12,0.0,0.12,0.0,0.08,0.0,0.2,0.0,0.12,0.0,0.24,0.0,0.04,0.0,0.08,25,0.72,dermatology
37 - Benign ListaImagens\granuloma_pyogenic11.jpg,0,0.0,0.04,0.0,0.28,0.0,0.36,0.0,0.24,0.0,0.08,0.0,0.16,0.0,0.04,0.0,0.28,0.0,0.0,0.0,0.16,0.0,0.16,0.0,0.08,0.0,0.08,0.0,0.04,0.0,0.0,25,0.28,dermatology
37 - Malignant ListaImagens\melanoma70.jpg,1,0.0,0.0,0.0,0.12,0.0,0.4,0.0,0.44,0.0,0.04,0.0,0.0,0.0,0.08,0.0,0.04,0.0,0.0,0.0,0.16,0.0,0.2,0.0,0.2,0.0,0.04,0.0,0.2,0.0,0.04,25,0.72,dermatology
4 - benign xanthogranuloma.jpg,0,0.0,0.16,0.0,0.16,0.0,0.28,0.0,0.32,0.0,0.04,0.0,0.0,0.0,0.12,0.0,0.12,0.0,0.24,0.0,0.16,0.0,0.04,0.0,0.2,0.0,0.08,0.0,0.04,0.0,0.0,25,0.48,dermatology
4 - malignant superficial spreading melanoma.jpg,1,0.0,0.0,0.0,0.0,0.0,0.08,0.0,0.24,0.0,0.68,0.0,0.0,0.0,0.0,0.0,0.0,0.0,0.0,0.0,0.0,0.0,0.04,0.0,0.0,0.0,0.08,0.0,0.28,0.0,0.6,25,1.0,dermatology
41 - Malignant ListaImagens\fibroxanthoma-atypical_fibroxanthoma1.jpg,1,0.0,0.16,0.0,0.08,0.0,0.28,0.0,0.32,0.0,0.16,0.0,0.08,0.0,0.16,0.0,0.12,0.0,0.08,0.0,0.2,0.0,0.04,0.0,0.08,0.0,0.08,0.0,0.04,0.0,0.0,25,0.16,dermatology
43 - Benign ListaImagens\impetigo12 .jpg,0,0.0,0.0,0.0,0.12,0.0,0.08,0.0,0.28,0.0,0.0,0.0,0.08,0.0,0.0,0.0,0.08,0.0,0.08,0.0,0.04,0.0,0.0,0.0,0.04,0.0,0.12,0.0,0.04,0.0,0.0,25,0.4166666666666667,dermatology
43 - Malignant ListaImagens\keratoacanthoma4.jpg,1,0.0,0.0,0.0,0.04,0.0,0.12,0.0,0.28,0.0,0.08,0.0,0.0,0.0,0.0,0.0,0.04,0.0,0.0,0.0,0.04,0.0,0.08,0.0,0.16,0.0,0.08,0.0,0.04,0.0,0.08,25,0.9230769230769231,dermatology
44 - Benign ListaImagens\keratosis_seborrheic2.jpg,0,0.0,0.12,0.0,0.12,0.0,0.36,0.0,0.36,0.0,0.0,0.0,0.04,0.0,0.24,0.0,0.12,0.0,0.16,0.0,0.2,0.0,0.12,0.0,0.04,0.0,0.08,0.0,0.0,0.0,0.0,25,0.16,dermatology
45 - Malignant ListaImagens\lentigo_maligna-melanoma2.jpg,1,0.0,0.0,0.0,0.0,0.0,0.0,0.0,0.08,0.0,0.44,0.0,0.0,0.0,0.0,0.0,0.0,0.0,0.0,0.0,0.0,0.0,0.0,0.0,0.04,0.0,0.04,0.0,0.04,0.0,0.4,25,1.0,dermatology
46 - Benign ListaImagens\Leprosy_tuberculoid84.jpg,0,0.0,0.04,0.0,0.08,0.0,0.12,0.0,0.28,0.0,0.48,0.0,0.2,0.0,0.2,0.0,0.08,0.0,0.0,0.0,0.08,0.0,0.0,0.0,0.08,0.0,0.0,0.0,0.04,0.0,0.04,25,0.04,dermatology
46 - Malignant ListaImagens\squamous_cell_carcinoma12.jpg,1,0.0,0.08,0.0,0.08,0.0,0.4,0.0,0.36,0.0,0.08,0.0,0.12,0.0,0.28,0.0,0.12,0.0,0.0,0.0,0.16,0.0,0.12,0.0,0.08,0.0,0.04,0.0,0.0,0.0,0.0,25,0.12,dermatology
47 - Benign ListaImagens\lichen_planus-vesicular3.jpg,0,0.0,0.08,0.0,0.2,0.0,0.48,0.0,0.2,0.0,0.0,0.0,0.0,0.0,0.24,0.0,0.16,0.0,0.12,0.0,0.36,0.0,0.04,0.0,0.08,0.0,0.0,0.0,0.0,0.0,0.0,25,0.16,dermatology
47 - Malignant ListaImagens\squamous_cell_carcinoma42.jpg,1,0.0,0.0,0.0,0.0,0.0,0.24,0.0,0.24,0.0,0.04,0.0,0.0,0.0,0.0,0.0,0.04,0.0,0.0,0.0,0.0,0.0,0.12,0.0,0.16,0.0,0.08,0.0,0.08,0.0,0.04,25,0.8461538461538461,dermatology
48 - Malignant ListaImagens\squamous_cell_carcinoma67.jpg,1,0.0,0.12,0.0,0.24,0.0,0.28,0.0,0.24,0.0,0.12,0.0,0.0,0.0,0.0,0.0,0.04,0.0,0.12,0.0,0.24,0.0,0.24,0.0,0.12,0.0,0.12,0.0,0.0,0.0,0.12,25,0.68,dermatology
5 - benign blue naevus.jpg,0,0.0,0.08,0.0,0.12,0.0,0.04,0.0,0.12,0.0,0.12,0.0,0.12,0.0,0.04,0.0,0.08,0.0,0.08,0.0,0.04,0.0,0.0,0.0,0.04,0.0,0.0,0.0,0.04,0.0,0.0,25,0.16666666666666666,dermatology
50 - Malignant ListaImagens\Melanoma43.jpg,1,0.0,0.0,0.0,0.0,0.0,0.0,0.0,0.12,0.0,0.4,0.0,0.0,0.0,0.0,0.0,0.0,0.0,0.0,0.0,0.0,0.0,0.0,0.0,0.04,0.0,0.0,0.0,0.04,0.0,0.44,25,1.0,dermatology
52 - Benign ListaImagens\pityriasis_lichenoides_et_varioliformis_acuta19.jpg,0,0.0,0.08,0.0,0.2,0.0,0.12,0.0,0.08,0.0,0.0,0.0,0.0,0.0,0.0,0.0,0.0,0.0,0.04,0.0,0.28,0.0,0.04,0.0,0.08,0.0,0.0,0.0,0.04,0.0,0.0,25,0.3333333333333333,dermatology
52 - Malignant ListaImagens\squamous_cell_carcinoma19.jpg,1,0.0,0.0,0.0,0.04,0.0,0.2,0.0,0.2,0.0,0.08,0.0,0.0,0.0,0.08,0.0,0.0,0.0,0.0,0.0,0.2,0.0,0.04,0.0,0.04,0.0,0.04,0.0,0.04,0.0,0.04,25,0.46153846153846156,dermatology
53 - Benign ListaImagens\reiter's_syndrome41.jpg,0,0.0,0.0,0.0,0.04,0.0,0.2,0.0,0.16,0.0,0.08,0.0,0.0,0.0,0.04,0.0,0.0,0.0,0.0,0.0,0.08,0.0,0.04,0.0,0.16,0.0,0.08,0.0,0.08,0.0,0.0,25,0.9166666666666666,dermatology
54 - Malignant ListaImagens\squamous_cell_carcinoma57.jpg,1,0.0,0.08,0.0,0.24,0.0,0.44,0.0,0.2,0.0,0.04,0.0,0.04,0.0,0.0,0.0,0.08,0.0,0.12,0.0,0.32,0.0,0.12,0.0,0.16,0.0,0.08,0.0,0.0,0.0,0.04,25,0.48,dermatology
55 - Malignant ListaImagens\squamous_cell_carcinoma71.jpg,1,0.0,0.0,0.0,0.08,0.0,0.16,0.0,0.16,0.0,0.12,0.0,0.0,0.0,0.0,0.0,0.0,0.0,0.0,0.0,0.08,0.0,0.2,0.0,0.04,0.0,0.08,0.0,0.04,0.0,0.08,25,0.9230769230769231,dermatology
57 - Malignant ListaImagens\basal_cell_carcinoma119.jpg,1,0.0,0.0,0.0,0.0,0.0,0.0,0.0,0.08,0.0,0.92,0.0,0.0,0.0,0.0,0.0,0.0,0.0,0.0,0.0,0.0,0.0,0.0,0.0,0.0,0.0,0.04,0.0,0.2,0.0,0.76,25,1.0,dermatology
59 - Benign ListaImagens\tungiasis20.jpg,0,0.0,0.08,0.0,0.24,0.0,0.12,0.0,0.36,0.0,0.16,0.0,0.0,0.0,0.04,0.0,0.12,0.0,0.0,0.0,0.24,0.0,0.08,0.0,0.2,0.0,0.08,0.0,0.08,0.0,0.16,25,0.64,dermatology
6 - Malignant Melanoma superficial diseminante2 (SSM).jpg,1,0.0,0.04,0.0,0.0,0.0,0.08,0.0,0.36,0.0,0.52,0.0,0.0,0.0,0.0,0.0,0.0,0.0,0.0,0.0,0.04,0.0,0.08,0.0,0.04,0.0,0.2,0.0,0.28,0.0,0.36,25,1.0,dermatology
60 - Benign ListaImagens\tungiasis9.jpg,0,0.0,0.12,0.0,0.2,0.0,0.24,0.0,0.36,0.0,0.08,0.0,0.12,0.0,0.16,0.0,0.4,0.0,0.0,0.0,0.0,0.0,0.16,0.0,0.04,0.0,0.08,0.0,0.0,0.0,0.04,25,0.32,dermatology
61 - Benign ListaImagens\warts_filiformis5.jpg,0,0.0,0.0,0.0,0.12,0.0,0.2,0.0,0.16,0.0,0.0,0.0,0.0,0.0,0.04,0.0,0.08,0.0,0.08,0.0,0.12,0.0,0.08,0.0,0.04,0.0,0.0,0.0,0.04,0.0,0.0,25,0.4166666666666667,dermatology
64 - Benign ListaImagens\warts_vulgaris29.jpg,0,0.0,0.04,0.0,0.08,0.0,0.04,0.0,0.2,0.0,0.12,0.0,0.12,0.0,0.08,0.0,0.04,0.0,0.08,0.0,0.04,0.0,0.08,0.0,0.0,0.0,0.04,0.0,0.0,0.0,0.0,25,0.08333333333333333,dermatology
7 - Malignant Superficial Spreading Melanoma (SSM).jpg,1,0.0,0.0,0.0,0.0,0.0,0.12,0.0,0.4,0.0,0.44,0.0,0.0,0.0,0.0,0.0,0.0,0.0,0.0,0.0,0.04,0.0,0.0,0.0,0.16,0.0,0.24,0.0,0.24,0.0,0.32,25,0.96,dermatology
8 - benign carbuncle.jpg,0,0.0,0.0,0.0,0.04,0.0,0.08,0.0,0.44,0.0,0.44,0.0,0.0,0.0,0.0,0.0,0.0,0.0,0.0,0.0,0.04,0.0,0.08,0.0,0.04,0.0,0.2,0.0,0.44,0.0,0.2,25,0.92,dermatology
Benign Blue nevus - 2378 005952HB.jpg,0,0.0,0.16,0.0,0.16,0.0,0.32,0.0,0.36,0.0,0.0,0.0,0.04,0.0,0.04,0.0,0.04,0.0,0.08,0.0,0.28,0.0,0.16,0.0,0.16,0.0,0.08,0.0,0.12,0.0,0.0,25,0.4,dermatology
Benign Blue nevus_ 5173 021329HB-1.jpg,0,0.0,0.0,0.0,0.08,0.0,0.16,0.0,0.2,0.0,0.04,0.0,0.0,0.0,0.0,0.0,0.04,0.0,0.0,0.0,0.04,0.0,0.08,0.0,0.16,0.0,0.12,0.0,0.04,0.0,0.0,25,0.9166666666666666,dermatology
Benign Compound nevus - 498 011568HB.jpg,0,0.0,0.08,0.0,0.16,0.0,0.4,0.0,0.2,0.0,0.16,0.0,0.12,0.0,0.28,0.0,0.08,0.0,0.12,0.0,0.28,0.0,0.0,0.0,0.0,0.0,0.04,0.0,0.0,0.0,0.0,25,0.04,dermatology
Benign Compund nevus - 3803 011213HB.jpg,0,0.0,0.08,0.0,0.2,0.0,0.4,0.0,0.24,0.0,0.08,0.0,0.0,0.0,0.04,0.0,0.0,0.0,0.08,0.0,0.36,0.0,0.12,0.0,0.16,0.0,0.08,0.0,0.08,0.0,0.04,25,0.56,dermatology
Benign Compund nevus 2729 045115HB.jpg,0,0.0,0.08,0.0,0.16,0.0,0.12,0.0,0.08,0.0,0.04,0.0,0.04,0.0,0.08,0.0,0.08,0.0,0.0,0.0,0.12,0.0,0.04,0.0,0.04,0.0,0.04,0.0,0.04,0.0,0.0,25,0.3333333333333333,dermatology
Benign Compund nevus- 5297  011653HB.jpg,0,0.0,0.08,0.0,0.24,0.0,0.4,0.0,0.28,0.0,0.0,0.0,0.0,0.0,0.12,0.0,0.2,0.0,0.0,0.0,0.32,0.0,0.16,0.0,0.04,0.0,0.12,0.0,0.04,0.0,0.0,25,0.4,dermatology
Benign Congenital nevus - 2135 011289HB.jpg,0,0.0,0.0,0.0,0.16,0.0,0.12,0.0,0.2,0.0,0.0,0.0,0.0,0.0,0.0,0.0,0.12,0.0,0.08,0.0,0.04,0.0,0.0,0.0,0.08,0.0,0.12,0.0,0.0,0.0,0.0,25,0.4166666666666667,dermatology
Benign Conpund nevus - 4769 005759HB.jpg,0,0.0,0.04,0.0,0.04,0.0,0.08,0.0,0.2,0.0,0.12,0.0,0.0,0.0,0.0,0.0,0.0,0.0,0.0,0.0,0.08,0.0,0.08,0.0,0.08,0.0,0.08,0.0,0.08,0.0,0.08,25,0.8333333333333334,dermatology
Benign Intradermal nevus - 5680 046343HB.jpg,0,0.0,0.08,0.0,0.04,0.0,0.4,0.0,0.36,0.0,0.12,0.0,0.0,0.0,0.0,0.0,0.0,0.0,0.0,0.0,0.08,0.0,0.12,0.0,0.36,0.0,0.24,0.0,0.12,0.0,0.08,25,0.92,dermatology
Benign Nevus cell nevus  1657 000363HB.jpg,0,0.0,0.04,0.0,0.0,0.0,0.04,0.0,0.28,0.0,0.12,0.0,0.0,0.0,0.0,0.0,0.0,0.0,0.0,0.0,0.04,0.0,0.04,0.0,0.0,0.0,0.08,0.0,0.28,0.0,0.0,25,0.9166666666666666,dermatology
Benign compund nevus - 6111 045676HB.jpg,0,0.0,0.04,0.0,0.24,0.0,0.36,0.0,0.24,0.0,0.04,0.0,0.04,0.0,0.16,0.0,0.16,0.0,0.16,0.0,0.2,0.0,0.16,0.0,0.08,0.0,0.0,0.0,0.0,0.0,0.0,25,0.28,dermatology
Benign intradermal nevus_edited 3019 010381HB.jpg,0,0.0,0.04,0.0,0.12,0.0,0.12,0.0,0.16,0.0,0.04,0.0,0.0,0.0,0.12,0.0,0.04,0.0,0.04,0.0,0.12,0.0,0.08,0.0,0.04,0.0,0.0,0.0,0.04,0.0,0.0,25,0.5,dermatology
Benign keratosis  - 5719 012955HB.jpg,0,0.0,0.04,0.0,0.16,0.0,0.12,0.0,0.12,0.0,0.04,0.0,0.0,0.0,0.08,0.0,0.08,0.0,0.04,0.0,0.08,0.0,0.04,0.0,0.0,0.0,0.04,0.0,0.04,0.0,0.0,25,0.16666666666666666,dermatology
Benign keratosis _ 5402 012360HB.jpg,0,0.0,0.08,0.0,0.2,0.0,0.28,0.0,0.4,0.0,0.0,0.0,0.08,0.0,0.28,0.0,0.08,0.0,0.16,0.0,0.2,0.0,0.08,0.0,0.0,0.0,0.08,0.0,0.0,0.0,0.0,25,0.08,dermatology
Benign nevus cell nevus _ 4192 000360HB.jpg,0,0.0,0.04,0.0,0.04,0.0,0.08,0.0,0.2,0.0,0.12,0.0,0.04,0.0,0.2,0.0,0.04,0.0,0.0,0.0,0.04,0.0,0.04,0.0,0.0,0.0,0.0,0.0,0.0,0.0,0.04,25,0.08333333333333333,dermatology
Benign nevus incepiens 1468  04566HB.jpg,0,0.0,0.04,0.0,0.08,0.0,0.12,0.0,0.6,0.0,0.16,0.0,0.2,0.0,0.28,0.0,0.12,0.0,0.04,0.0,0.12,0.0,0.0,0.0,0.0,0.0,0.12,0.0,0.0,0.0,0.0,25,0.04,dermatology
Malignant Melanoma- 2349 019474HB.jpg,1,0.0,0.0,0.0,0.04,0.0,0.16,0.0,0.16,0.0,0.16,0.0,0.0,0.0,0.0,0.0,0.0,0.0,0.0,0.0,0.04,0.0,0.04,0.0,0.12,0.0,0.04,0.0,0.16,0.0,0.12,25,1.0,dermatology
Malignant melanoma 2074 -019672HB.jpg,1,0.0,0.0,0.0,0.2,0.0,0.08,0.0,0.16,0.0,0.08,0.0,0.04,0.0,0.04,0.0,0.0,0.0,0.16,0.0,0.08,0.0,0.0,0.0,0.04,0.0,0.08,0.0,0.04,0.0,0.04,25,0.46153846153846156,dermatology
malignant-Melanoma-0085.jpg,1,0.0,0.0,0.0,0.0,0.0,0.0,0.0,0.28,0.0,0.72,0.0,0.0,0.0,0.0,0.0,0.0,0.0,0.0,0.0,0.0,0.0,0.0,0.0,0.0,0.0,0.08,0.0,0.2,0.0,0.72,25,1.0,dermatology
malignant-SSM-5.jpg,1,0.0,0.04,0.0,0.08,0.0,0.12,0.0,0.16,0.0,0.12,0.0,0.04,0.0,0.0,0.0,0.0,0.0,0.04,0.0,0.12,0.0,0.0,0.0,0.04,0.0,0.2,0.0,0.0,0.0,0.04,25,0.6923076923076923,dermatology
