question,mean_meta,std_meta,min_meta,p25_meta,p50_meta,p75_meta,max_meta,mean_conf,std_conf,min_conf,p25_conf,p50_conf,p75_conf,max_conf,skew_own,skew_meta,skew_conf,skew_row_average,skew_row_skew
'Cheval' is French for 'cow',0.5256410256410257,0.1595354253976688,0.0,0.5,0.5,0.6000000000000003,0.9799999999999998,0.6358974358974363,0.18422980427370048,0.5,0.5,0.5,0.8000000000000005,1.0,0.37966145557153785,-0.47863528225239793,1.0083235935708332,3.0880567278808972,1.1183793481171496
1 - malignant nodular melanoma.jpg,0.8153846153846155,0.1405118847058488,0.5,0.8,0.8,0.9000000000000002,1.0,0.8692307692307696,0.13155870289605437,0.5999999999999999,0.9000000000000002,0.9000000000000002,0.9000000000000002,1.0,-3.6055512754639873,-0.9578739928582246,-1.4035290754755727,2.401117585895782,2.4321773677703247
10 - Malignant melanoma 3 (SSM).jpg,0.8153846153846155,0.1675616993137843,0.5,0.7,0.9000000000000002,0.9000000000000002,1.0,0.8769230769230768,0.1165750556068647,0.5999999999999999,0.9000000000000002,0.9000000000000002,0.9000000000000002,1.0,-2.1787168040147327,-0.6614540886267195,-1.3396944681290497,2.446029093063903,2.0998477466769154
11 - Benign hemangioma.jpg,0.8249999999999998,0.16583123951776996,0.5,0.7750000000000002,0.7999999999999999,1.0,1.0,0.8833333333333334,0.0937436866561092,0.7000000000000001,0.7999999999999999,0.9000000000000002,0.9250000000000002,1.0,-2.0552372125864222,-0.6189703966373281,-0.4119817668025953,2.464455870184019,2.1221724160458355
11 - malignant melanoma 4 (SSM).jpg,0.8960000000000005,0.13379088160259653,0.5,0.8999999999999997,0.8999999999999997,1.0,1.0,0.9319999999999997,0.09882644720249062,0.5999999999999998,0.8999999999999997,1.0,1.0,1.0,-4.999999999999999,-1.6234065094456647,-1.8450687935250374,2.3353125819723535,4.451519605436659
12 - Malignant melanoma 5 (SSM).jpg,0.8359999999999999,0.14685593847940467,0.5,0.8000000000000003,0.8000000000000003,1.0,1.0,0.9080000000000001,0.08621678104251712,0.6999999999999997,0.8999999999999997,0.8999999999999997,1.0,1.0,-4.999999999999999,-0.5157495053549611,-0.5861523276913996,2.3677076139034963,3.3403032361945715
15- Malignant ListaImagens\basal_cell_carcinoma102.jpg,0.9461538461538462,0.11266014242982163,0.5999999999999999,0.9000000000000002,1.0,1.0,1.0,0.976923076923077,0.05991446895152778,0.8,1.0,1.0,1.0,1.0,0.0,-2.780248042833617,-2.682395229845191,2.296704583109783,3.5444726521895835
17 - Benign Junctional Nevus.jpg,0.7000000000000001,0.12792042981336627,0.5,0.5999999999999999,0.7000000000000001,0.7999999999999999,0.9000000000000002,0.7916666666666669,0.12401124093721456,0.5,0.7999999999999999,0.7999999999999999,0.9000000000000002,0.9000000000000002,-3.464101615137755,-0.31269438398823013,-1.5309274813634752,2.4972413961086994,2.1649808657342473
17 - Malignant ListaImagens\basal_cell_carcinoma116.jpg,0.7846153846153847,0.19513309067639728,0.5,0.5999999999999999,0.8,1.0,1.0,0.9000000000000002,0.09128709291752765,0.8,0.8,0.9000000000000002,1.0,1.0,-2.178716804014733,-0.22352947935308312,0.0,2.4993041103382088,2.0096254236012703
18 - Benign Granuloma Pyogenicum.jpg,0.6639999999999999,0.14106735979665877,0.40000000000000013,0.5999999999999998,0.6999999999999997,0.6999999999999997,0.8999999999999997,0.812,0.11298967504452197,0.5999999999999998,0.6999999999999997,0.8000000000000003,0.8999999999999997,1.0,-0.2574593588973013,-0.06861139913014963,-0.6302457386665327,2.78181098852882,0.5972035732733508
19 - Benign eclipse_nevus_7_080322.jpg,0.6500000000000001,0.11677484162422845,0.5,0.5750000000000001,0.7000000000000001,0.7000000000000001,0.9000000000000002,0.7666666666666666,0.1230914909793328,0.5999999999999999,0.7000000000000001,0.75,0.8249999999999998,1.0,2.0552372125864204,0.4110474425172835,0.4159507663173621,3.0477049083031074,-2.1709953367570867
19 - Malignant ListaImagens\basal_cell_carcinoma133.jpg,0.708,0.1605199883711267,0.40000000000000013,0.5999999999999998,0.6999999999999997,0.8000000000000003,0.8999999999999997,0.8440000000000002,0.1293573860795484,0.5,0.8000000000000003,0.8999999999999997,0.8999999999999997,1.0,-1.9754091793527022,-0.33785525444194886,-0.9235649383660379,2.535572866806525,1.8020967890092479
2 - benign trichoblastoma.jpg,0.6749999999999999,0.13568010505999364,0.39999999999999997,0.5999999999999999,0.7000000000000001,0.7249999999999998,0.9000000000000002,0.8333333333333334,0.08876253645985945,0.7000000000000001,0.7999999999999999,0.7999999999999999,0.9000000000000002,1.0,-0.38840332498209035,-0.5077302148198368,0.13865863683670174,2.727185630919706,0.742116677463981
2 - maligant basal cell carcinoma morpheform.jpg,0.676923076923077,0.20064000163579113,0.4,0.5,0.7,0.8,1.0,0.8230769230769232,0.14232501627054275,0.5999999999999999,0.7,0.8,0.9000000000000002,1.0,-1.4511323592170853,0.4463135417133008,-0.27288066112089165,2.640401365990461,1.3016727343947692
20 - Benign sebker_1_011003.jpg,0.8160000000000001,0.307787805693035,0.0,0.8000000000000003,1.0,1.0,1.0,0.9400000000000002,0.0816496580927726,0.6999999999999997,0.8999999999999997,1.0,1.0,1.0,0.0,-1.9062265143804922,-1.3978066466969208,3.2623847532859016,2.438448474278886
21 - Malignant ListaImagens\basal_cell_carcinoma163.jpg,0.7959999999999997,0.14854853303438134,0.5,0.6999999999999997,0.8000000000000003,0.8999999999999997,1.0,0.8999999999999997,0.10000000000000003,0.5999999999999998,0.8999999999999997,0.8999999999999997,1.0,1.0,-2.490745889990222,-0.17468388287728803,-1.358695652173914,2.438751054062799,2.3790657242845494
22 - Benign ListaImagens\angiokeratoma-solitary_angiokeratoma4.jpg,0.6500000000000001,0.23548788812706578,0.09999999999999998,0.5,0.65,0.8249999999999998,0.9000000000000002,0.8166666666666665,0.14668044012461756,0.5,0.7750000000000002,0.9000000000000002,0.9000000000000002,1.0,-0.38840332498209035,-1.0275144723544858,-1.1714648917709043,2.8126040756119437,1.9055887067019615
22 - Malignant ListaImagens\basal_cell_carcinoma16.jpg,0.5692307692307691,0.1797434068545835,0.09999999999999999,0.5,0.5999999999999999,0.5999999999999999,0.9000000000000002,0.753846153846154,0.14500221041639685,0.5,0.7,0.8,0.8,1.0,1.451132359217084,-1.0825918346266314,-0.3807572509203502,3.1335705438624193,1.4960412010477155
23 - Benign ListaImagens\Angiokeratoma-Solitary_Angiokeratoma2.jpg,0.7639999999999998,0.14966629547095775,0.5,0.6999999999999997,0.8000000000000003,0.8000000000000003,1.0,0.8599999999999998,0.09574271077563384,0.6999999999999997,0.8000000000000003,0.8999999999999997,0.8999999999999997,1.0,-3.297525541044985,0.030087639811569134,0.0,2.445234132174441,2.6465880959853645
24 - Malignant ListaImagens\basal_cell_carcinoma217.jpg,0.6839999999999997,0.1795364401266032,0.2999999999999999,0.5,0.6999999999999997,0.8000000000000003,1.0,0.8439999999999999,0.10440306508910552,0.6999999999999997,0.8000000000000003,0.8999999999999997,0.8999999999999997,1.0,-1.2966976262249148,-0.16250654401529852,-0.06609650871290372,2.620462443991565,1.5987648689255374
26 - Malignant ListaImagens\basal_cell_carcinoma8.jpg,0.7560000000000001,0.2042873792805943,0.2999999999999999,0.5999999999999998,0.8000000000000003,0.8999999999999997,1.0,0.872,0.11733143937865358,0.5999999999999998,0.8000000000000003,0.8999999999999997,1.0,1.0,-1.597493310510768,-0.5878463770013157,-0.5803336122047242,2.568136483136021,1.7961731616942551
27 - Malignant ListaImagens\basal_cell_carcinoma90.jpg,0.872,0.13391539617733772,0.5,0.8000000000000003,0.8999999999999997,1.0,1.0,0.9319999999999997,0.07483314773547887,0.6999999999999997,0.8999999999999997,0.8999999999999997,1.0,1.0,0.0,-1.25027977688051,-1.266793386549182,2.32247557930093,3.1831086209124875
28 - Malignant Squamous Cell Carcinoma ListaImagens\Bowen's_Disease4.jpg,0.9076923076923079,0.09540735874430287,0.7,0.9000000000000002,0.9000000000000002,1.0,1.0,0.9538461538461539,0.06602252917735243,0.8,0.9000000000000002,1.0,1.0,1.0,0.0,-0.8535406489670881,-1.1906485051077775,2.299472372017114,2.37580952483994
29- Malignant ListaImagens\melanocytic_naevi_congenital1.jpg,0.7384615384615383,0.3355057414771058,0.0,0.7,0.9000000000000002,1.0,1.0,0.9230769230769232,0.09268086959962982,0.7,0.9000000000000002,0.9000000000000002,1.0,1.0,0.0,-1.302836518985057,-1.2736839164484688,3.343223950877117,1.8489664993864379
3 - benign dermatofibroma.jpg,0.644,0.17813852287849843,0.40000000000000013,0.5,0.5999999999999998,0.8000000000000003,1.0,0.7719999999999999,0.12423096769056144,0.5,0.6999999999999997,0.8000000000000003,0.8999999999999997,1.0,1.296697626224915,0.37125808680620304,-0.4095437527453989,3.040618776694265,-0.5298539744411545
30 - Malignant ListaImagens\melanocytic_naevi_intrademal1.jpg,0.6230769230769229,0.1235168419949695,0.29999999999999993,0.5999999999999999,0.5999999999999999,0.7,0.8,0.7846153846153847,0.08987170342729177,0.7,0.7,0.8,0.9000000000000002,0.9000000000000002,1.451132359217084,-1.1411179700647767,0.3419978654437813,3.0539866770333366,0.7061696203067244
31 - Malignant ListaImagens\melanocytic_naevi_intradermal3.jpg,0.8230769230769232,0.21661735138967272,0.19999999999999998,0.8,0.9000000000000002,1.0,1.0,0.9307692307692309,0.07510676161988106,0.8,0.9000000000000002,0.9000000000000002,1.0,1.0,0.0,-2.152387185676793,-0.6107009223374684,3.174292011096564,3.584474676425687
32 - Malignant ListaImagens\melanoma12.jpg,0.88,0.1471960144387974,0.40000000000000013,0.8999999999999997,0.8999999999999997,1.0,1.0,0.9319999999999997,0.08524474568362944,0.6999999999999997,0.8999999999999997,0.8999999999999997,1.0,1.0,0.0,-2.1812427146063125,-1.5764458500134382,2.3277434473017427,3.3850738438077332
33 - Malignant ListaImagens\melanoma14.jpg,0.6230769230769229,0.23506682083273742,0.0,0.5,0.7,0.8,0.9000000000000002,0.8307692307692313,0.11821319289469752,0.5,0.8,0.8,0.9000000000000002,1.0,2.1787168040147336,-1.6458316133570323,-1.7800496654336693,3.169919092153587,1.4824392840849128
35 - Malignant ListaImagens\melanoma33.jpg,0.644,0.14742229591663983,0.40000000000000013,0.5999999999999998,0.5999999999999998,0.6999999999999997,1.0,0.7880000000000001,0.09712534856222316,0.5999999999999998,0.6999999999999997,0.8000000000000003,0.8000000000000003,1.0,0.08526788484268882,0.5939627359774667,-0.03986150381235088,2.8366732197820657,-0.44258095501063655
36 - Benign ListaImagens\furuncle7.jpg,0.6833333333333335,0.16422453217986943,0.39999999999999997,0.5750000000000001,0.7000000000000001,0.7999999999999999,1.0,0.8083333333333335,0.10836246694508318,0.5999999999999999,0.7750000000000002,0.7999999999999999,0.9000000000000002,1.0,-0.8124038404635955,0.02189383991692472,-0.19171023080266061,2.659637172068027,1.100153763496133
36 - Malignant ListaImagens\melanoma58.jpg,0.6999999999999997,0.1471960144387974,0.40000000000000013,0.5999999999999998,0.6999999999999997,0.8000000000000003,1.0,0.84,0.09128709291752773,0.5999999999999998,0.8000000000000003,0.8000000000000003,0.8999999999999997,1.0,-1.0436507793895275,0.25561438061792807,-0.21432621815420239,2.6238087477750645,1.1367421140020222
37 - Benign ListaImagens\granuloma_pyogenic11.jpg,0.6479999999999998,0.1960442127004348,0.20000000000000007,0.5,0.6999999999999997,0.8000000000000003,0.8999999999999997,0.8039999999999998,0.10198039027185574,0.5999999999999998,0.6999999999999997,0.8000000000000003,0.8999999999999997,1.0,1.0436507793895275,-0.5264963463532163,0.17094571143943021,3.055473797513003,0.7671555332815996
37 - Malignant ListaImagens\melanoma70.jpg,0.7159999999999997,0.16999999999999996,0.40000000000000013,0.5999999999999998,0.6999999999999997,0.8999999999999997,1.0,0.84,0.07637626158259735,0.6999999999999997,0.8000000000000003,0.8000000000000003,0.8999999999999997,1.0,-1.043650779389529,0.005575270577616458,-0.24397031206508374,2.6322568075468302,1.1135477434197085
4 - benign xanthogranuloma.jpg,0.66,0.12247448713915889,0.40000000000000013,0.5999999999999998,0.6999999999999997,0.6999999999999997,0.8999999999999997,0.78,0.1290994448735806,0.5,0.6999999999999997,0.8000000000000003,0.8999999999999997,1.0,0.08526788484268882,-0.1774992567234191,-0.47991315376918037,2.8114314824039486,-0.41622594090655524
4 - malignant superficial spreading melanoma.jpg,0.9400000000000002,0.09574271077563384,0.5999999999999998,0.8999999999999997,1.0,1.0,1.0,0.96,0.0645497224367903,0.8000000000000003,0.8999999999999997,1.0,1.0,1.0,0.0,-2.1673700247448533,-1.414480874267049,2.294635375595957,4.099070347683736
41 - Malignant ListaImagens\fibroxanthoma-atypical_fibroxanthoma1.jpg,0.6920000000000001,0.2119748412744621,0.2999999999999999,0.5,0.6999999999999997,0.8000000000000003,1.0,0.8240000000000003,0.12999999999999992,0.5999999999999998,0.8000000000000003,0.8000000000000003,0.8999999999999997,1.0,1.9754091793527022,-0.2858004521617837,-0.4854445785755268,3.086101227625993,-0.006020285056339428
43 - Benign ListaImagens\impetigo12 .jpg,0.741666666666667,0.13113721705515063,0.5,0.6749999999999999,0.75,0.8249999999999998,0.9000000000000002,0.8333333333333338,0.08876253645985953,0.7000000000000001,0.7750000000000002,0.9000000000000002,0.9000000000000002,0.9000000000000002,0.38840332498208946,-0.3634757493583228,-0.7972871618110514,2.7934487737608964,-0.298998491640956
43 - Malignant ListaImagens\keratoacanthoma4.jpg,0.746153846153846,0.15063966175050877,0.5,0.7,0.7,0.8,1.0,0.8769230769230772,0.08320502943378437,0.7,0.8,0.9000000000000002,0.9000000000000002,1.0,-3.6055512754639873,0.4326695567971854,-0.5280857928709884,2.4349380485345895,2.4774823259208967
44 - Benign ListaImagens\keratosis_seborrheic2.jpg,0.5999999999999998,0.18929694486000911,0.20000000000000007,0.5,0.5999999999999998,0.8000000000000003,0.8999999999999997,0.7880000000000001,0.11661903789690604,0.5,0.6999999999999997,0.8000000000000003,0.8999999999999997,0.8999999999999997,1.9754091793527022,-0.36054865223647803,-0.9482314674039902,3.180760283103668,0.7836973044248267
45 - Malignant ListaImagens\lentigo_maligna-melanoma2.jpg,0.9538461538461539,0.09674179220468451,0.7,1.0,1.0,1.0,1.0,0.9846153846153847,0.037553380809940536,0.9000000000000002,1.0,1.0,1.0,1.0,0.0,-2.0853806552455585,-2.1787168040147344,2.289956148293009,2.8066264353339703
46 - Benign ListaImagens\Leprosy_tuberculoid84.jpg,0.7600000000000001,0.2798809270624443,0.0,0.6999999999999997,0.8000000000000003,1.0,1.0,0.9080000000000003,0.11518101695447328,0.5999999999999998,0.8999999999999997,0.8999999999999997,1.0,1.0,4.999999999999999,-1.5468452047775778,-1.2345795761331104,3.2410193492341093,2.0442483521150105
46 - Malignant ListaImagens\squamous_cell_carcinoma12.jpg,0.6799999999999998,0.21602468994692867,0.20000000000000007,0.5,0.6999999999999997,0.8000000000000003,1.0,0.8279999999999997,0.10214368964029714,0.5999999999999998,0.8000000000000003,0.8000000000000003,0.8999999999999997,1.0,2.490745889990222,-0.5552764185359446,-0.6197197166062319,3.172454209670548,1.0071183956454357
47 - Benign ListaImagens\lichen_planus-vesicular3.jpg,0.612,0.14525839046333952,0.2999999999999999,0.5,0.5999999999999998,0.6999999999999997,0.8000000000000003,0.7719999999999999,0.10214368964029714,0.5,0.6999999999999997,0.8000000000000003,0.8000000000000003,0.8999999999999997,1.9754091793527022,-0.13703313940522935,-0.9102005844295579,3.1299392833477966,-0.006795254825424005
47 - Malignant ListaImagens\squamous_cell_carcinoma42.jpg,0.7307692307692306,0.15483655567842813,0.4,0.7,0.7,0.8,1.0,0.8615384615384619,0.06504436355879907,0.8,0.8,0.9000000000000002,0.9000000000000002,1.0,-2.1787168040147327,-0.29011098767624366,0.5717648787662901,2.5189375931766262,2.385969940954936
48 - Malignant ListaImagens\squamous_cell_carcinoma67.jpg,0.6479999999999998,0.17349351572897473,0.40000000000000013,0.5,0.5999999999999998,0.6999999999999997,1.0,0.8000000000000003,0.1224744871391589,0.5999999999999998,0.6999999999999997,0.8000000000000003,0.8999999999999997,1.0,-0.8219035275816577,0.7910277854409817,0.0,2.705635106930203,0.7445072506225386
5 - benign blue naevus.jpg,0.7000000000000001,0.24120907566221086,0.09999999999999998,0.5999999999999999,0.7000000000000001,0.9000000000000002,1.0,0.8166666666666665,0.1527525231651947,0.5999999999999999,0.7000000000000001,0.8499999999999998,0.9250000000000002,1.0,2.0552372125864222,-1.3525610473168095,-0.14963512473324928,3.147761976775779,1.9733245543958875
50 - Malignant ListaImagens\Melanoma43.jpg,0.9692307692307692,0.08548504142651102,0.7,1.0,1.0,1.0,1.0,0.9769230769230769,0.043852900965351445,0.9000000000000002,1.0,1.0,1.0,1.0,0.0,-3.0784086940294846,-1.4511323592170817,2.287654404146554,3.4257846458346255
52 - Benign ListaImagens\pityriasis_lichenoides_et_varioliformis_acuta19.jpg,0.5333333333333333,0.1497472618255253,0.3,0.5,0.5,0.5250000000000001,0.9000000000000002,0.7416666666666668,0.09962049198956223,0.5999999999999999,0.7000000000000001,0.7000000000000001,0.7999999999999999,0.9000000000000002,0.8124038404635966,1.2633899737653898,0.27432352249045694,3.054278823343744,0.19189634200709768
52 - Malignant ListaImagens\squamous_cell_carcinoma19.jpg,0.7,0.19578900207451214,0.5,0.5,0.7,0.8,1.0,0.8615384615384619,0.0869718492622904,0.7,0.8,0.9000000000000002,0.9000000000000002,1.0,0.17520438393807816,0.31493126987754355,0.03188960235153122,2.8598356191465415,-0.045147605477381766
53 - Benign ListaImagens\reiter's_syndrome41.jpg,0.7166666666666667,0.13371158468430427,0.5,0.6749999999999999,0.7000000000000001,0.7999999999999999,0.9000000000000002,0.8583333333333334,0.090033663737852,0.7000000000000001,0.7999999999999999,0.8499999999999998,0.9000000000000002,1.0,-3.464101615137755,-0.35999568275245597,0.15155286641242513,2.4697534736658073,2.2418487840745382
54 - Malignant ListaImagens\squamous_cell_carcinoma57.jpg,0.5879999999999996,0.19857828011475306,0.20000000000000007,0.5,0.5999999999999998,0.6999999999999997,1.0,0.7880000000000001,0.09712534856222316,0.5999999999999998,0.6999999999999997,0.8000000000000003,0.8000000000000003,1.0,0.08526788484268882,0.38816487292831353,-0.03986150381236198,2.9857542566201216,0.7928628195121697
55 - Malignant ListaImagens\squamous_cell_carcinoma71.jpg,0.7076923076923076,0.1754116038614058,0.5,0.5999999999999999,0.5999999999999999,0.8,1.0,0.8615384615384619,0.10439078454267837,0.7,0.8,0.9000000000000002,0.9000000000000002,1.0,-3.6055512754639873,0.6290399646427643,-0.10142883148645206,2.4745040090528225,2.474212001014762
57 - Malignant ListaImagens\basal_cell_carcinoma119.jpg,0.9720000000000002,0.0541602560309064,0.8000000000000003,1.0,1.0,1.0,1.0,0.9920000000000005,0.027688746209726913,0.8999999999999997,1.0,1.0,1.0,1.0,0.0,-1.863704911591723,-3.2975255410449806,2.281919968205001,3.097170699606133
59 - Benign ListaImagens\tungiasis20.jpg,0.7200000000000002,0.1732050807568877,0.5,0.5999999999999998,0.6999999999999997,0.8000000000000003,1.0,0.8160000000000001,0.14047538337136978,0.5,0.6999999999999997,0.8999999999999997,0.8999999999999997,1.0,-0.6212473985319652,0.2928588321976368,-0.5037870766233324,2.6556116372833576,0.535076587997228
6 - Malignant Melanoma superficial diseminante2 (SSM).jpg,0.8679999999999999,0.14352700094407334,0.5,0.8000000000000003,0.8999999999999997,1.0,1.0,0.9319999999999997,0.09451631252505212,0.5999999999999998,0.8999999999999997,1.0,1.0,1.0,0.0,-1.129213342495852,-2.0061841883895095,2.330921407598046,3.2121668011386357
60 - Benign ListaImagens\tungiasis9.jpg,0.6880000000000004,0.19000000000000003,0.0,0.6999999999999997,0.6999999999999997,0.8000000000000003,0.8999999999999997,0.8079999999999999,0.11874342087037922,0.5999999999999998,0.6999999999999997,0.8000000000000003,0.8999999999999997,1.0,0.8219035275816574,-2.3095013216529234,-0.32823929331732216,2.974222629458737,2.0190949599025596
61 - Benign ListaImagens\warts_filiformis5.jpg,0.6416666666666666,0.12401124093721451,0.5,0.5750000000000001,0.5999999999999999,0.7000000000000001,0.9000000000000002,0.8083333333333335,0.07929614610987591,0.7000000000000001,0.7750000000000002,0.7999999999999999,0.9000000000000002,0.9000000000000002,0.38840332498208946,0.7428215854046961,-0.16105554889960177,2.8825624146113213,-0.3277042597468319
64 - Benign ListaImagens\warts_vulgaris29.jpg,0.6416666666666667,0.2314316444667974,0.19999999999999996,0.4749999999999999,0.65,0.8249999999999998,0.9000000000000002,0.8583333333333334,0.13113721705515063,0.5999999999999999,0.7750000000000002,0.9000000000000002,0.9250000000000002,1.0,3.464101615137755,-0.506166118348882,-0.7974966996087359,3.2419995400792634,2.017446166977406
7 - Malignant Superficial Spreading Melanoma (SSM).jpg,0.8599999999999998,0.1322875655532295,0.5,0.8000000000000003,0.8999999999999997,1.0,1.0,0.9160000000000003,0.1106044001535804,0.5,0.8999999999999997,0.8999999999999997,1.0,1.0,-4.999999999999999,-0.8216618978461451,-2.3495848456385393,2.364881141882108,4.282874589369144
8 - benign carbuncle.jpg,0.8440000000000002,0.1529705854077835,0.40000000000000013,0.8000000000000003,0.8999999999999997,0.8999999999999997,1.0,0.9280000000000005,0.07916228058025278,0.6999999999999997,0.8999999999999997,0.8999999999999997,1.0,1.0,-3.2975255410449815,-1.5848651872185235,-1.1121897653215516,2.401576505505894,3.1982523386606094
A lightyear is a unit of distance,0.6861538461538464,0.25408883014260764,0.0,0.5500000000000004,0.8000000000000005,0.8700000000000002,0.95,0.917948717948718,0.10481009109661873,0.6000000000000003,0.8999999999999994,1.0,1.0,1.0,-2.7259636086606958,-1.4406033637466389,-1.2456162971925546,2.6035434224699507,2.675523741793641
A monotreme is a mammal which lays eggs,0.5758974358974359,0.17055201319180816,0.10000000000000006,0.5,0.5500000000000004,0.7250000000000004,0.8000000000000005,0.6512820512820516,0.15873147612074595,0.5,0.5,0.6000000000000003,0.75,1.0,0.26900266402535017,-0.5135397688362972,0.7451884474959067,2.9729247141417257,0.0014989012285179498
A muon has negative electric charge,0.5230769230769227,0.14600205200709832,0.0,0.5,0.5,0.5249999999999998,0.8999999999999994,0.5512820512820512,0.10226846731132645,0.5,0.5,0.5,0.6000000000000003,0.8999999999999994,0.16054535047329546,-0.23082050612411445,2.530972806011264,3.010419582118917,0.7692228981516279
Abkhazia is a disputed territory in Georgia.,0.5256410256410257,0.1519832897981477,0.10000000000000006,0.5,0.5,0.5749999999999995,1.0,0.6076923076923074,0.12852322211756825,0.5,0.5,0.6000000000000003,0.6999999999999995,0.8999999999999994,-0.6117599486651412,0.38327514249660405,1.1040175429316144,2.9454100504913785,2.1001789686448924
Alabama,0.6296969696969693,0.20293910491334646,0.30000000000000004,0.5,0.6000000000000001,0.8000000000000004,1.0,0.7318181818181816,0.18363439467891324,0.5,0.6000000000000001,0.6999999999999996,0.8999999999999995,1.0,-0.3213656478302573,0.06375124005502021,0.3333779859356832,2.8688492963875505,0.4538515503104606
Alaska,0.6106060606060607,0.23006710154240034,0.0,0.5500000000000003,0.6000000000000001,0.8000000000000004,0.8999999999999995,0.8227272727272731,0.19489216132378062,0.5,0.6999999999999996,0.8999999999999995,1.0,1.0,0.4550735891084457,-1.0464122428331928,-0.6656942019732015,3.1084143709017593,0.8502630869641844
Albert Einstein never won a Nobel Prize in Physics,0.6338461538461538,0.21919248191841495,0.10000000000000006,0.5,0.6400000000000003,0.8000000000000005,1.0,0.7769230769230767,0.14949307053389396,0.5,0.6999999999999995,0.8000000000000005,0.8999999999999994,1.0,0.7357112210170913,-0.5365588306647963,-0.3796614555715382,3.0158428165889335,1.2319002790786988
Alexander the Great became Pharaoh of Egypt,0.6115384615384618,0.2211279513091967,0.050000000000000044,0.5,0.6000000000000003,0.7749999999999995,1.0,0.7256410256410251,0.18023077124670903,0.5,0.6000000000000003,0.6999999999999995,0.8999999999999994,1.0,0.4935300906010768,-0.17196641903875237,0.24823109093457438,3.058434289797575,1.2334718958865931
An alpha particle is identical to a helium nucleus,0.5707692307692301,0.1423927965243478,0.20000000000000012,0.5,0.5,0.6900000000000003,0.95,0.5743589743589746,0.09656726239953894,0.5,0.5,0.5,0.6000000000000003,0.8000000000000005,0.7357112210170913,0.46982118993825994,1.106306881795904,3.0132110163142443,-0.6619227688023691
Arizona,0.7215151515151516,0.2382110567873743,0.010000000000000004,0.6999999999999996,0.8000000000000004,0.8500000000000004,1.0,0.8287878787878784,0.18457311518334646,0.5,0.6999999999999996,0.8999999999999995,1.0,1.0,-2.03767108819209,-1.4508764515794657,-0.7317387087151095,2.5929660612915524,2.301003285284849
Arkansas,0.6969696969696967,0.1739519482587945,0.2000000000000001,0.6000000000000001,0.7399999999999995,0.8000000000000004,0.9899999999999994,0.7954545454545457,0.19540168418367895,0.5,0.6000000000000001,0.8000000000000004,1.0,1.0,-1.2600976127889871,-0.9420557527996214,-0.25843498802688536,2.640359687931722,2.2108070084826754
Avogadro's constant is greater than Planck's constant,0.5297435897435893,0.15164861009804656,0.19000000000000017,0.5,0.5,0.5500000000000004,1.0,0.5769230769230768,0.14041580819225238,0.5,0.5,0.5,0.6000000000000003,0.8999999999999994,-0.49353009060107694,0.9055594489236183,1.5765057964956948,2.9995359252686593,0.1704633898713868
Benign Blue nevus - 2378 005952HB.jpg,0.6080000000000004,0.19131126469708984,0.2999999999999999,0.5,0.5999999999999998,0.8000000000000003,0.8999999999999997,0.7880000000000001,0.10923979738782624,0.5999999999999998,0.6999999999999997,0.8000000000000003,0.8999999999999997,0.8999999999999997,0.43478260869565216,0.18696542083349046,-0.5783338324790414,2.960187907803984,0.03889239061300395
Benign Blue nevus_ 5173 021329HB-1.jpg,0.7083333333333331,0.10836246694508318,0.5,0.6749999999999999,0.7000000000000001,0.7999999999999999,0.9000000000000002,0.8416666666666667,0.09003366373785203,0.7000000000000001,0.7999999999999999,0.8499999999999998,0.9000000000000002,1.0,-3.464101615137755,-0.19171023080265684,-0.15155286641242824,2.4597435003115207,2.336506385367595
Benign Compound nevus - 498 011568HB.jpg,0.7119999999999999,0.16911534525287755,0.5,0.5,0.8000000000000003,0.8000000000000003,1.0,0.8200000000000002,0.11547005383792511,0.5999999999999998,0.8000000000000003,0.8000000000000003,0.8999999999999997,1.0,4.999999999999999,0.02103482831582015,-0.07059989704764341,3.124194502081882,-2.284687804786109
Benign Compund nevus - 3803 011213HB.jpg,0.644,0.18046236911518887,0.2999999999999999,0.5,0.5999999999999998,0.8000000000000003,1.0,0.8039999999999998,0.10598742063723104,0.5999999999999998,0.6999999999999997,0.8000000000000003,0.8999999999999997,1.0,-0.2574593588973013,0.5217044055009148,-0.08508737307611812,2.8287385452230103,0.6658854814405489
Benign Compund nevus 2729 045115HB.jpg,0.7000000000000001,0.14770978917519928,0.5,0.5750000000000001,0.7000000000000001,0.7999999999999999,0.9000000000000002,0.7666666666666667,0.1230914909793328,0.5999999999999999,0.7000000000000001,0.75,0.8249999999999998,1.0,0.8124038404635966,-0.20310096011589487,0.4159507663173591,2.930325107999217,-0.6363940947130964
Benign Compund nevus- 5297  011653HB.jpg,0.6199999999999997,0.16072751268321592,0.20000000000000007,0.5,0.5999999999999998,0.6999999999999997,0.8999999999999997,0.7880000000000001,0.09273618495495707,0.5999999999999998,0.6999999999999997,0.8000000000000003,0.8999999999999997,0.8999999999999997,0.43478260869565216,-0.48429861759499476,-0.4274059362563029,2.953091955462852,0.8069158705856662
Benign Congenital nevus - 2135 011289HB.jpg,0.6666666666666666,0.19227505550564009,0.19999999999999996,0.5999999999999999,0.7000000000000001,0.7249999999999998,1.0,0.8083333333333335,0.09003366373785203,0.7000000000000001,0.7000000000000001,0.7999999999999999,0.9000000000000002,0.9000000000000002,0.38840332498208946,-0.9958411367118228,-0.18476993302337605,2.9247683056089664,1.3307871890423617
Benign Conpund nevus - 4769 005759HB.jpg,0.75,0.178376517003169,0.5,0.5999999999999999,0.75,0.9000000000000002,1.0,0.866666666666667,0.1230914909793328,0.5999999999999999,0.7999999999999999,0.9000000000000002,0.9250000000000002,1.0,-2.0552372125864222,0.0,-0.9878830700037332,2.4873431153942893,1.8633553548715998
Benign Intradermal nevus - 5680 046343HB.jpg,0.7439999999999999,0.1325393023471403,0.5,0.6999999999999997,0.6999999999999997,0.8000000000000003,1.0,0.84,0.10408329997330665,0.5999999999999998,0.8000000000000003,0.8000000000000003,0.8999999999999997,1.0,-3.297525541044985,0.14042872858158842,-0.6747875377739523,2.4269209672140515,2.810464207983464
Benign Nevus cell nevus  1657 000363HB.jpg,0.8333333333333338,0.1435481125130547,0.5,0.7999999999999999,0.9000000000000002,0.9000000000000002,1.0,0.8916666666666669,0.10836246694508313,0.5999999999999999,0.9000000000000002,0.9000000000000002,0.9250000000000002,1.0,-3.464101615137755,-1.5899567756203776,-1.865900196694177,2.41742253348487,2.1677893548525793
Benign compund nevus - 6111 045676HB.jpg,0.6560000000000001,0.14165686240583852,0.40000000000000013,0.5999999999999998,0.5999999999999998,0.6999999999999997,1.0,0.7759999999999999,0.12342339054382419,0.5,0.6999999999999997,0.8000000000000003,0.8999999999999997,1.0,1.0436507793895275,0.48914516897126836,-0.6583657249984064,2.9629935218710357,-1.0224937929928888
Benign intradermal nevus_edited 3019 010381HB.jpg,0.6333333333333335,0.17232808737106578,0.39999999999999997,0.5,0.65,0.7999999999999999,0.9000000000000002,0.8083333333333335,0.11645001528813154,0.5999999999999999,0.7000000000000001,0.7999999999999999,0.9000000000000002,1.0,0.0,0.018948194529762038,-0.1890182077683367,2.874520012981303,0.159992680109385
Benign keratosis  - 5719 012955HB.jpg,0.6916666666666665,0.2314316444667974,0.19999999999999996,0.5750000000000001,0.7000000000000001,0.8249999999999998,1.0,0.7916666666666666,0.11645001528813154,0.5999999999999999,0.7000000000000001,0.7999999999999999,0.9000000000000002,1.0,2.0552372125864222,-0.5655712701280561,0.1890182077683332,3.131063562370162,1.0174945717179438
Benign keratosis _ 5402 012360HB.jpg,0.6519999999999997,0.19815818596935805,0.20000000000000007,0.5,0.6999999999999997,0.8000000000000003,1.0,0.7920000000000001,0.11518101695447328,0.5,0.6999999999999997,0.8000000000000003,0.8999999999999997,0.8999999999999997,3.2975255410449815,-0.34649569388131307,-0.899402175652625,3.176107444660948,1.3570792901909536
Benign nevus cell nevus _ 4192 000360HB.jpg,0.7249999999999998,0.27010099121355596,0.0,0.6749999999999999,0.7999999999999999,0.8249999999999998,1.0,0.866666666666667,0.12309149097933275,0.5999999999999999,0.7999999999999999,0.9000000000000002,0.9250000000000002,1.0,3.4641016151377566,-1.9120573967924084,-0.987883070003734,3.2047795639598013,2.354355716583352
Benign nevus incepiens 1468  04566HB.jpg,0.7159999999999997,0.24269322199023186,0.20000000000000007,0.5999999999999998,0.8000000000000003,0.8999999999999997,1.0,0.8760000000000002,0.09695359714832658,0.5999999999999998,0.8999999999999997,0.8999999999999997,0.8999999999999997,1.0,4.999999999999999,-1.0770842550068205,-1.2627992779125963,3.259314541667932,2.0304895874219273
Billy the Kid never actually shot anyone dead,0.5605128205128199,0.15498639529341232,0.10000000000000006,0.5,0.6000000000000003,0.6099999999999997,0.8999999999999994,0.6461538461538464,0.14662188004694957,0.5,0.5,0.6000000000000003,0.6999999999999995,1.0,0.4935300906010768,-0.4711264787018837,0.8716691658342137,3.0541434989124516,-0.06868646821761311
"Birmingham, Alabama has a larger population than Birmingham, UK.",0.535384615384615,0.15912335754055643,0.20999999999999994,0.4800000000000003,0.5,0.625,1.0,0.6384615384615381,0.14256186951522518,0.5,0.5,0.6000000000000003,0.6999999999999995,1.0,-0.7357112210170913,0.6985933780494477,0.992468057051916,2.901271439776611,1.3151671549114785
Blackbeard had a wooden leg,0.5817948717948719,0.2238993170680424,0.10000000000000006,0.5,0.5199999999999997,0.75,1.0,0.6948717948717944,0.16850537700106977,0.5,0.5500000000000004,0.6999999999999995,0.8000000000000005,1.0,-0.16054535047329546,-0.07103129730154167,0.4673037339370035,2.941802396099916,0.8793453438755916
Brass is an alloy of Copper and Mercury,0.5989743589743595,0.15761036019572328,0.0,0.5,0.6000000000000003,0.6999999999999995,0.8999999999999994,0.6871794871794875,0.13799215686996438,0.5,0.6000000000000003,0.6999999999999995,0.8000000000000005,1.0,0.37966145557153785,-1.1239080278440103,0.3685511256697519,2.941307288435042,-0.13494571065608105
California,0.6139393939393937,0.30570553022822666,0.0,0.5,0.6999999999999996,0.8999999999999995,1.0,0.9136363636363639,0.16069805112808197,0.5,0.8999999999999995,1.0,1.0,1.0,1.2600976127889871,-0.6400426254417976,-1.8678986829708621,3.324399491168886,0.3212099166563782
Centipedes are considered insects,0.6053846153846153,0.2690220706446352,0.10000000000000006,0.5,0.6000000000000003,0.8000000000000005,1.0,0.7641025641025647,0.15128776951154602,0.5,0.6000000000000003,0.8000000000000005,0.8999999999999994,1.0,-0.6117599486651409,-0.4078342104257761,0.17197883425499236,2.914232625370757,1.264389465256817
China borders the same number of countries as Russia,0.5469230769230767,0.14292349529056741,0.10000000000000006,0.5,0.5,0.6449999999999997,0.8500000000000005,0.6487179487179484,0.153677370302364,0.5,0.5,0.6000000000000003,0.6999999999999995,1.0,0.37966145557153785,-0.5161089708102223,0.9425553063826236,2.9903012906135054,-0.12946200712055325
Colorado,0.7533333333333336,0.16833127061442452,0.10999999999999992,0.75,0.8000000000000004,0.8500000000000004,0.9499999999999995,0.8424242424242429,0.1453020625935482,0.5,0.75,0.8999999999999995,1.0,1.0,-2.9834088569802892,-2.0981663327403997,-0.8242038311553417,2.474937566683407,3.9322891240673354
Columbus crossed the Atlantic in the Mary Rose,0.6348717948717952,0.27102992449729507,0.0,0.5,0.6999999999999995,0.8649999999999994,0.95,0.7974358974358972,0.18565273111968944,0.5,0.6499999999999996,0.8000000000000005,1.0,1.0,1.7379543996168758,-0.9432750911532326,-0.3507960570541289,3.2062256925513575,2.4805646432506028
Connecticut,0.5757575757575758,0.21400978807974977,0.2000000000000001,0.4000000000000002,0.5,0.75,0.8999999999999995,0.8042424242424245,0.20557891281437257,0.5,0.6000000000000001,0.8799999999999998,1.0,1.0,2.9834088569802892,0.0027480140284441416,-0.3320248734760838,3.301788668826224,0.7909339759841848
Croatia is on the Iberian Peninsula.,0.5507692307692305,0.15919839683443998,0.0,0.5,0.5,0.6099999999999997,0.8500000000000005,0.6307692307692312,0.15753670608839782,0.5,0.5,0.6000000000000003,0.6999999999999995,1.0,-0.05337410177873346,-0.7935467495904698,1.375028324968463,2.966545941177006,0.6402866124430063
Custer was defeated at Little Bighorn,0.676410256410257,0.1927568304406135,0.20000000000000012,0.5,0.6999999999999995,0.8000000000000005,1.0,0.7487179487179494,0.17751470639120365,0.5,0.6000000000000003,0.8000000000000005,0.8999999999999994,1.0,-0.6117599486651409,-0.3003030698580855,-0.08191631593930147,2.7230906128642967,0.2555721571973344
Cyprus is the only country to depict its map on its flag,0.5458974358974361,0.11123039031710026,0.40000000000000024,0.5,0.5,0.6000000000000003,0.8799999999999998,0.5794871794871798,0.10557982058859348,0.5,0.5,0.5,0.6000000000000003,0.8999999999999994,0.6117599486651398,1.3231963280059138,1.4236392016586872,3.014032797779009,-0.3121042794432913
Delaware,0.5957575757575755,0.20228430338001857,0.16999999999999996,0.5,0.6000000000000001,0.8000000000000004,0.8999999999999995,0.75,0.20691181696558567,0.5,0.5,0.8000000000000004,1.0,1.0,-0.06356028168669535,-0.19407774094141167,-0.019715404317297527,2.9948465995500437,0.5892968920235285
Earth's atmosphere is mostly Nitrogen,0.6033333333333329,0.25147285438239264,0.0,0.5,0.6000000000000003,0.8000000000000005,0.9799999999999998,0.7948717948717954,0.1685053770010698,0.5,0.6999999999999995,0.8000000000000005,0.95,1.0,-0.26900266402535017,-0.754161972636374,-0.19360706249262735,2.887919322946232,1.5216010085783365
Florida,0.6169696969696971,0.20517499921537777,0.15000000000000002,0.5,0.6000000000000001,0.6999999999999996,1.0,0.866666666666667,0.17662931995188882,0.5,0.6999999999999996,1.0,1.0,1.0,0.8985654162419012,-0.45564972504977946,-0.9866975287481585,3.118115611976857,0.7070988642265388
Genghis Khan's real name was Temujin,0.5264102564102563,0.14537586818290207,0.10000000000000006,0.5,0.5,0.6000000000000003,0.8000000000000005,0.6128205128205125,0.15757953243310305,0.5,0.5,0.5,0.6999999999999995,1.0,-0.053374101778733425,-0.37547890644726006,1.3513311254424356,2.945198906684482,-0.6809638761412743
Georgia,0.8115151515151515,0.1838838154263653,0.08999999999999998,0.75,0.8999999999999995,0.8999999999999995,1.0,0.8690909090909085,0.16619573618860609,0.5,0.8000000000000004,0.9499999999999995,1.0,1.0,-2.9834088569802892,-2.188665368290429,-1.0639982380364534,2.44643352590252,1.83285271445289
Grand Central in New York is the world's most used train station.,0.6020512820512816,0.20892178701709965,0.0,0.5,0.6000000000000003,0.7899999999999994,0.9099999999999997,0.6974358974358977,0.14953820051847969,0.5,0.5500000000000004,0.6999999999999995,0.8000000000000005,0.8999999999999994,-1.3297187430879895,-0.7755976189402168,-0.05361016445363799,2.7578663669445396,1.1489776771369355
Hawaii,0.8472727272727275,0.12686786253994556,0.5,0.8000000000000004,0.8999999999999995,0.9499999999999995,1.0,0.9345454545454539,0.0970209677431542,0.6499999999999998,0.8999999999999995,1.0,1.0,1.0,-5.744562646538024,-1.2004217118734217,-1.2557186634538267,2.3652878175920393,5.089997610165624
Idaho,0.6503030303030299,0.19580738061429231,0.10000000000000005,0.5,0.6999999999999996,0.8000000000000004,1.0,0.796969696969697,0.20309303361521366,0.5,0.6000000000000001,0.8000000000000004,1.0,1.0,-1.2600976127889867,-0.8202226295438101,-0.3805561623842149,2.6950907958059385,2.2627243131150956
Illinois,0.685151515151515,0.2742161694279854,0.2000000000000001,0.5,0.75,0.8999999999999995,1.0,0.8706060606060609,0.17179092296195744,0.5,0.8000000000000004,0.9499999999999995,1.0,1.0,-0.3213656478302573,-0.5325417138829762,-1.294363436977448,2.962968937908115,0.7745395770460749
Indiana,0.745757575757576,0.19062447218009385,0.2000000000000001,0.6999999999999996,0.8000000000000004,0.8599999999999997,1.0,0.8209090909090906,0.19992754369339077,0.5,0.6000000000000001,0.8999999999999995,1.0,1.0,-2.983408856980289,-1.351862630726864,-0.5190639833545228,2.511076113030485,2.5063484091267245
Iowa,0.6533333333333334,0.17050781995752182,0.07000000000000002,0.6000000000000001,0.66,0.75,0.8999999999999995,0.7618181818181818,0.205813242793293,0.5,0.5500000000000003,0.8000000000000004,0.9899999999999994,1.0,-1.729545743043708,-1.0472323046637868,-0.14944004183289036,2.640231005647332,0.976698875688669
Japan has the world's highest life expectancy,0.5984615384615387,0.22001840188036967,0.10000000000000006,0.5,0.6200000000000001,0.75,0.9899999999999998,0.7461538461538455,0.1373550026796754,0.5,0.6000000000000003,0.8000000000000005,0.8999999999999994,0.8999999999999994,-1.0078500945374314,-0.4254385967134695,-0.3971244966876189,2.800182468917764,1.3474556592658042
Joan of Arc fought at the Battle of Agincourt,0.5805128205128204,0.16418777308712423,0.20000000000000012,0.5,0.5500000000000004,0.6550000000000004,1.0,0.6230769230769229,0.15970620800236277,0.5,0.5,0.6000000000000003,0.6499999999999996,1.0,-0.8670439889603676,0.5642770483963869,1.1945196317564442,2.855009885055462,0.8013863794581935
Johannesburg is one of South Africa's three capital cities,0.6371794871794875,0.16187956403561787,0.40000000000000024,0.5,0.6000000000000003,0.7549999999999998,1.0,0.6615384615384619,0.14620710727807834,0.5,0.5,0.6999999999999995,0.8000000000000005,1.0,-1.329718743087989,0.4207230783022099,0.3456567209920221,2.7211225785932665,0.23267565479676483
Jupiter was first discovered by Galileo Galilei,0.5846153846153849,0.17238033460080354,0.20000000000000012,0.5,0.6000000000000003,0.6999999999999995,0.8999999999999994,0.6307692307692312,0.1238714234787664,0.5,0.5,0.6000000000000003,0.6999999999999995,0.8999999999999994,-1.3297187430879893,-0.3163489663387812,0.774071440762671,2.8175274376177133,1.7143890596092872
Kansas,0.5454545454545452,0.20043843988072302,0.2000000000000001,0.4000000000000002,0.5,0.6999999999999996,0.8999999999999995,0.7557575757575763,0.20607993447674475,0.5,0.6000000000000001,0.6999999999999996,1.0,1.0,-0.06356028168669532,0.35555539794229835,0.04549373349624803,3.0882504185694266,0.5462857369830515
Kentucky,0.5630303030303027,0.19360857497288264,0.2000000000000001,0.4000000000000002,0.5,0.75,0.8999999999999995,0.7381818181818182,0.17840358995572633,0.5,0.6000000000000001,0.6999999999999996,0.8999999999999995,1.0,0.06356028168669535,-0.06080650430587475,0.09775374715618491,3.018045089204473,0.6633966155258678
Lake Baikal is the deepest lake in the world.,0.5441025641025637,0.14265744669843036,0.10000000000000006,0.5,0.5,0.6400000000000003,0.8000000000000005,0.58974358974359,0.12522584186574728,0.5,0.5,0.5,0.6499999999999996,0.8999999999999994,-0.37966145557153785,-0.9795266786149244,1.220105682230496,2.9313423792249873,-0.41947431291494697
Leptons are made up of quarks,0.5366666666666665,0.13902542995955317,0.20000000000000012,0.5,0.5,0.5500000000000004,0.8999999999999994,0.5794871794871798,0.12392588442818973,0.5,0.5,0.5,0.6000000000000003,0.8999999999999994,0.3796614555715379,0.7703796720643893,1.5485365916051559,3.013353473863631,-0.43798266080349496
Louisiana,0.5636363636363638,0.26029812453485657,0.050000000000000044,0.4000000000000002,0.5,0.8000000000000004,0.9499999999999995,0.8681818181818176,0.16947445503405775,0.5,0.8000000000000004,0.9499999999999995,1.0,1.0,0.32136564783025706,-0.35473177106089854,-1.0256850481321391,3.2321835959157847,0.31933481048827794
Maine,0.603030303030303,0.18111606859423127,0.2000000000000001,0.5,0.6000000000000001,0.6999999999999996,0.8999999999999995,0.7324242424242429,0.20992603314962974,0.5,0.5,0.6999999999999996,1.0,1.0,-0.3213656478302573,-0.53497440317599,0.29501729310839303,2.9720242824925167,1.150070482141295
Malignant Melanoma- 2349 019474HB.jpg,0.8153846153846155,0.16251232694862378,0.5,0.7,0.9000000000000002,0.9000000000000002,1.0,0.8846153846153849,0.09870962335856491,0.7,0.8,0.9000000000000002,1.0,1.0,0.0,-0.5661869367272789,-0.2617507766219299,2.359308478108392,1.9082651727460356
Malignant melanoma 2074 -019672HB.jpg,0.7,0.1825741858350554,0.4,0.5999999999999999,0.7,0.8,1.0,0.8230769230769232,0.11657505560686475,0.7,0.7,0.8,0.9000000000000002,1.0,0.17520438393807816,0.0,0.22070749063081285,2.8160098758900025,-0.23357440613832248
Marie Antoinette was married to Louis XVI,0.5966666666666673,0.14551782913612762,0.34999999999999976,0.5,0.5500000000000004,0.6999999999999995,0.8999999999999994,0.633333333333333,0.14926721593968986,0.5,0.5,0.6000000000000003,0.6999999999999995,1.0,-1.7379543996168754,0.5198655141929401,0.9915788541212647,2.740916393488987,-0.021706443686252956
Maryland,0.6872727272727274,0.22693986988948106,0.08999999999999998,0.6000000000000001,0.8000000000000004,0.8000000000000004,1.0,0.8181818181818176,0.17445369273561082,0.5,0.75,0.8000000000000004,1.0,1.0,-0.8985654162419018,-1.1736603754906765,-0.5263698958594444,2.755881338080202,1.3227468205408692
Massachusetts,0.9475757575757582,0.17399767065664815,0.0,0.9499999999999995,1.0,1.0,1.0,1.0,0.0,1.0,1.0,1.0,1.0,1.0,-5.744562646538024,-5.357361522087966,0.0,2.352956816527667,5.743441818723457
Memphis is the state capital of Tennessee,0.6076923076923074,0.24454535192842572,0.10000000000000006,0.5,0.6000000000000003,0.8000000000000005,1.0,0.7769230769230762,0.1613455566911206,0.5,0.6499999999999996,0.8000000000000005,0.8999999999999994,1.0,0.16054535047329546,-0.3052905042756359,-0.07948267973948311,2.988318007802888,1.0137503000676749
Michigan,0.6396969696969702,0.26734206609329214,0.15000000000000002,0.30000000000000004,0.75,0.8500000000000004,0.9499999999999995,0.8481818181818179,0.16388743365215938,0.5,0.6999999999999996,0.8999999999999995,1.0,1.0,-0.19138576740891994,-0.6493637355750271,-0.7467924368657605,3.024469797471202,0.6673242425505531
Minnesota,0.629090909090909,0.2514751930653851,0.15000000000000002,0.4000000000000002,0.6999999999999996,0.8500000000000004,1.0,0.745757575757576,0.1832864953943399,0.5,0.6000000000000001,0.6999999999999996,0.8999999999999995,1.0,-0.7412338898758746,-0.5056633809736369,0.23950394081109833,2.89643826068451,0.9924830131328238
Mississippi,0.6263636363636362,0.15816957241000446,0.10000000000000005,0.5,0.6999999999999996,0.7300000000000003,0.8900000000000003,0.6657575757575755,0.17649416249252955,0.5,0.5,0.6000000000000001,0.8000000000000004,1.0,-0.7412338898758746,-1.2312760064693997,0.9398379784348102,2.7980322383642484,1.7141161848797404
Missouri,0.5881818181818183,0.22078630145253791,0.2000000000000001,0.44999999999999973,0.5500000000000003,0.8000000000000004,0.9899999999999994,0.7263636363636364,0.19218835458050956,0.5,0.5500000000000003,0.6999999999999996,0.8999999999999995,1.0,0.4550735891084457,-0.025664743405717862,0.28213627526762786,3.0746920092843943,0.47821253338557707
Montana,0.6027272727272728,0.14944214447556128,0.30000000000000004,0.5,0.6000000000000001,0.6999999999999996,0.9499999999999995,0.7484848484848488,0.21505989299671294,0.5,0.5,0.8000000000000004,1.0,1.0,0.45507358910844564,0.423228415821857,-0.039422647058481614,3.068477885976474,-0.17949663206689012
More living languages originate in N/S America than Europe,0.5384615384615389,0.18168130659479506,0.10000000000000006,0.5,0.5,0.6999999999999995,0.8500000000000005,0.6948717948717944,0.14680584734646898,0.5,0.6000000000000003,0.6999999999999995,0.8000000000000005,1.0,0.8670439889603676,-0.402162788608292,0.30337960823954074,3.16247689097813,0.794630335136901
More people speak Kyrgyz than Uzbek,0.5507692307692305,0.15244299392481486,0.25,0.5,0.5,0.6000000000000003,1.0,0.5794871794871798,0.1104523883601751,0.5,0.5,0.5,0.6000000000000003,0.8000000000000005,0.6117599486651398,1.0489976723636234,1.17057886392432,3.027396371947774,-0.45385427271959444
More people speak Wu Chinese than Cantonese,0.5556410256410257,0.17584076037553592,0.0,0.5,0.5,0.6499999999999996,0.95,0.6512820512820516,0.153677370302364,0.5,0.5,0.6000000000000003,0.75,1.0,0.8670439889603683,-0.6027682796041026,0.6165652325107872,3.042419210975054,-0.02780604549969467
Mount Kilimanjaro is higher than Denali,0.5794871794871798,0.16036059231666336,0.21999999999999986,0.5,0.5,0.6999999999999995,0.8999999999999994,0.6487179487179484,0.13740411943528755,0.5,0.5,0.6000000000000003,0.6999999999999995,1.0,-0.8670439889603676,-0.19835395630058184,0.5734873811985038,2.8255397440936885,1.2289433670195156
Napoleon Bonaparte's first wife was a widow,0.5338461538461535,0.13291499825502606,0.24000000000000016,0.5,0.5,0.5850000000000005,0.8999999999999994,0.5948717948717952,0.12554872811344678,0.5,0.5,0.5,0.6999999999999995,1.0,-0.26900266402535017,0.4906939389960204,1.3626962692840432,2.9487250369649622,0.12451581438602712
Nebraska,0.6278787878787885,0.2187715357364501,0.15000000000000002,0.5,0.66,0.8000000000000004,1.0,0.7772727272727272,0.19125037136030504,0.5,0.6000000000000001,0.8000000000000004,1.0,1.0,-0.7412338898758746,-0.3919021034120954,-0.22676030469951233,2.8661966894986546,1.138912827685051
Nero was the first Roman Emperor,0.6023076923076925,0.18662460968283684,0.25,0.5,0.5500000000000004,0.7199999999999996,1.0,0.674358974358974,0.1727760167292181,0.5,0.5,0.6999999999999995,0.8000000000000005,1.0,0.4935300906010768,0.40443809166826267,0.483576450959259,3.029096588860724,0.1857228224600149
Nevada,0.5696969696969699,0.297652112881851,0.14000000000000004,0.25,0.6000000000000001,0.8500000000000004,1.0,0.8587878787878791,0.18367358233694042,0.5,0.8000000000000004,0.9899999999999994,1.0,1.0,0.7412338898758751,-0.10323535269417017,-0.9454896903119951,3.3340211457023385,0.08034089052672683
New_Hampshire,0.6315151515151516,0.18299797150722075,0.2000000000000001,0.5,0.6000000000000001,0.6999999999999996,1.0,0.7469696969696965,0.19315610345787765,0.5,0.6000000000000001,0.6999999999999996,1.0,1.0,-0.06356028168669535,-0.08471469939876035,0.12068623832086087,2.918859244970231,0.6888379139866717
New_Jersey,0.6260606060606062,0.18584165628868368,0.25,0.5,0.6199999999999999,0.8000000000000004,0.9899999999999994,0.833333333333333,0.19025750094718133,0.5,0.6999999999999996,0.8999999999999995,1.0,1.0,-0.19138576740891994,-0.2922829175754604,-0.5774929221154735,3.01260409488316,0.5273841963681123
New_Mexico,0.5787878787878785,0.21327443552494704,0.10000000000000005,0.4000000000000002,0.6000000000000001,0.75,0.8999999999999995,0.7718181818181822,0.1948309290361542,0.5,0.6000000000000001,0.7699999999999997,1.0,1.0,-0.5943092698674104,-0.6081829816931343,-0.09487284008071663,2.9812222075063293,0.810055258333274
New_York,0.6957575757575755,0.32908994119228135,0.0,0.5,0.8500000000000004,0.9499999999999995,1.0,0.9936363636363632,0.034804649637133776,0.8000000000000004,1.0,1.0,1.0,1.0,1.0698789646307743,-0.9282442245429932,-5.722370581688039,3.236874658565956,0.48223176934281226
Nigeria is the country with most indigenous languages,0.4820512820512818,0.1504236033966724,0.0,0.5,0.5,0.5,0.8000000000000005,0.5974358974358972,0.11807040604116696,0.5,0.5,0.6000000000000003,0.6999999999999995,1.0,-0.4935300906010768,-1.3425956555824146,1.3663008265258372,3.037124439101145,2.164190295062171
North_Carolina,0.6327272727272727,0.20075284442680894,0.10000000000000005,0.5,0.6499999999999998,0.8000000000000004,0.9800000000000003,0.7842424242424247,0.21229446387962977,0.5,0.5500000000000003,0.8999999999999995,1.0,1.0,-0.3213656478302573,-0.5287569011730242,-0.2581627948893735,2.9275299203427205,1.15522022837608
North_Dakota,0.5730303030303029,0.19471910615815355,0.2000000000000001,0.44999999999999973,0.5,0.75,0.9499999999999995,0.6921212121212118,0.19819115734180678,0.5,0.5,0.6000000000000001,0.8000000000000004,1.0,0.4550735891084457,0.07819047787825775,0.544545821721241,3.1231710367445085,0.3469417337732869
Norway separated from Sweden in the 20th Century,0.5258974358974356,0.1726986719955941,0.050000000000000044,0.5,0.5,0.6499999999999996,0.8000000000000005,0.6435897435897432,0.1447227327192311,0.5,0.5,0.6000000000000003,0.6999999999999995,1.0,-0.611759948665141,-1.008567028705568,0.6560449811413268,2.9441863820378553,1.978056704743699
"Of all the American state flags, Indiana's has the most stars.",0.5500000000000004,0.15644067313370363,0.13999999999999999,0.5,0.5,0.6050000000000003,1.0,0.6230769230769228,0.15804985632711044,0.5,0.5,0.5,0.75,1.0,0.37966145557153785,0.49880891062764976,0.9049587724560474,3.069438164552423,0.5560153838458829
Ohio,0.6569696969696966,0.21982215607856784,0.10000000000000005,0.6000000000000001,0.6999999999999996,0.8000000000000004,0.9499999999999995,0.8051515151515148,0.18114430042305388,0.5,0.6000000000000001,0.8000000000000004,1.0,1.0,-1.4763460697204374,-0.9956660541639365,-0.2560980543293034,2.679359640961765,2.0468849736222623
Oklahoma,0.7760606060606062,0.1887945211390447,0.10000000000000005,0.6999999999999996,0.8000000000000004,0.8999999999999995,1.0,0.8096969696969696,0.1916455851383754,0.5,0.6000000000000001,0.8000000000000004,1.0,1.0,-2.4332194498584396,-1.9473678246345039,-0.437746347756311,2.535324945989046,2.947008183769824
Oregon,0.663939393939394,0.2384840061977347,0.2000000000000001,0.5,0.75,0.8500000000000004,0.9600000000000006,0.7772727272727273,0.17901244243195644,0.5,0.6000000000000001,0.8000000000000004,0.8999999999999995,1.0,-0.8985654162419018,-0.7591296700197452,-0.1729274205585221,2.8478584731104157,1.1068362853470906
Paraguay is a landlocked country.,0.534615384615385,0.1473957464544838,0.10000000000000006,0.5,0.5,0.6000000000000003,0.95,0.6256410256410259,0.14817832201341022,0.5,0.5,0.6000000000000003,0.6999999999999995,1.0,-1.0078500945374314,0.004012357688393029,1.0159204281467664,2.8536135907467575,0.20256104191412413
Part of the Andes mountain range is in Brazil.,0.575641025641026,0.14228945427866527,0.25,0.5,0.5500000000000004,0.6900000000000003,0.9899999999999998,0.6615384615384619,0.1369121589606089,0.5,0.6000000000000003,0.6000000000000003,0.6999999999999995,1.0,-0.7357112210170913,0.4709815532887815,0.8150275474490343,2.839538182434395,0.40740816336224267
Pennsylvania,0.6621212121212126,0.27407523574464876,0.10000000000000005,0.4000000000000002,0.8000000000000004,0.8999999999999995,0.9499999999999995,0.9145454545454542,0.12480211609511342,0.6000000000000001,0.8000000000000004,1.0,1.0,1.0,-0.7412338898758751,-0.9768823977825295,-1.3281492739799823,2.9169417704148843,1.0292893634401497
Portuguese is the official language of Mozambique,0.5799999999999995,0.1775268697231047,0.25,0.5,0.5,0.6999999999999995,0.95,0.6487179487179484,0.17148238343124492,0.5,0.5,0.6000000000000003,0.75,1.0,0.3796614555715379,0.28741225611215876,0.8975710127258844,3.0267113968886155,-0.38369857157412257
Red is higher frequency light than Blue,0.5799999999999995,0.21855987978728292,0.10000000000000006,0.5,0.5500000000000004,0.7250000000000004,1.0,0.6999999999999995,0.1747178176073456,0.5,0.5500000000000004,0.6999999999999995,0.8999999999999994,1.0,-0.4935300906010768,-0.0919484598305157,0.4056601062951656,2.9512057791027755,1.4054411323757985
Rhode_Island,0.7687878787878791,0.20731554415548484,0.0,0.6999999999999996,0.8000000000000004,0.8999999999999995,1.0,0.8924242424242417,0.1358544787408181,0.5500000000000003,0.8000000000000004,1.0,1.0,1.0,-3.8607565632454914,-2.3130120112588686,-1.0141179997340855,2.486555680040368,3.7308920464531785
Schuyler Colfax was Abraham Lincoln's Vice President,0.5510256410256412,0.2047308229152414,0.0,0.5,0.5,0.6999999999999995,0.95,0.6641025641025637,0.16461626748158323,0.5,0.5,0.6000000000000003,0.8000000000000005,1.0,1.1608523362797603,-0.17711420445152723,0.4644927735399166,3.1562738765259146,1.104365351861403
Shanghai has a greater population than Beijing,0.5412820512820516,0.13594076665146027,0.10000000000000006,0.5,0.5,0.6000000000000003,0.9799999999999998,0.6435897435897433,0.13916077751040673,0.5,0.5,0.6000000000000003,0.8000000000000005,1.0,-0.16054535047329546,0.17116626302975993,0.5716264414363162,2.921815555625642,0.01673424649528055
Sir Winston churchil was a Labour Prime Minister,0.6053846153846153,0.13546889629117145,0.3399999999999999,0.5,0.6000000000000003,0.6999999999999995,0.8599999999999997,0.6717948717948722,0.14317585423585685,0.5,0.6000000000000003,0.6999999999999995,0.75,1.0,-1.0078500945374314,0.2711200939590787,0.6406556523612287,2.784882483526147,0.01007760067977735
Socrates was sentenced to death,0.5815384615384611,0.18067910579603558,0.10000000000000006,0.5,0.6000000000000003,0.7250000000000004,0.8999999999999994,0.6974358974358977,0.15301733559715497,0.5,0.5,0.6999999999999995,0.8000000000000005,1.0,-0.611759948665141,-0.6239921950034245,0.1381560830340396,2.8118792046378798,-0.05043669088170483
South_Carolina,0.6130303030303031,0.1583012327906207,0.2000000000000001,0.5,0.6000000000000001,0.6999999999999996,0.9899999999999994,0.7351515151515148,0.20500184773742294,0.5,0.5,0.6999999999999996,1.0,1.0,-0.5943092698674096,-0.2248836072940208,0.19632510392035388,2.8892193298394733,1.0104276833852557
South_Dakota,0.608787878787879,0.17083906124913253,0.30000000000000004,0.5,0.6000000000000001,0.6999999999999996,0.9899999999999994,0.7390909090909087,0.20780645497017833,0.5,0.5,0.6999999999999996,1.0,1.0,-0.06356028168669535,0.4747377500492166,0.11022373515951735,2.955311428864205,0.46788031766927857
Stephenson's Rocket was the first steam locomotive,0.5187179487179491,0.15084288597183865,0.10000000000000006,0.5,0.5,0.6000000000000003,0.8500000000000005,0.6076923076923075,0.12436071342885754,0.5,0.5,0.6000000000000003,0.6999999999999995,0.8999999999999994,0.6117599486651398,-0.17789033697267723,0.9723423067385516,3.048450903669875,1.08572877723505
Tennessee,0.6124242424242429,0.24151902491095695,0.07000000000000002,0.5,0.6000000000000001,0.8000000000000004,1.0,0.6996969696969694,0.18047653671053845,0.5,0.6000000000000001,0.6499999999999998,0.8000000000000004,1.0,-0.8985654162419019,-0.3831131064417951,0.6972376758412958,2.853982413679826,1.2064431687097106
Texas,0.6166666666666668,0.2579809424485975,0.15000000000000002,0.4000000000000002,0.6999999999999996,0.8599999999999997,1.0,0.8609090909090905,0.1669648847131419,0.5,0.75,1.0,1.0,1.0,0.5943092698674096,-0.2292911370915644,-0.6593579230974992,3.153667034701059,0.25040750154715935
The Berlin Wall was constructed by East Germany,0.638974358974359,0.18342924739234046,0.20000000000000012,0.5,0.6700000000000007,0.75,0.9699999999999994,0.7128205128205131,0.15590058772295134,0.5,0.6000000000000003,0.6999999999999995,0.8000000000000005,1.0,-1.9964275152283046,-0.3893152279142221,0.30302979361857524,2.6980194783534617,1.881492310892674
The Crimean War was fought before the Boer Wars,0.5169230769230768,0.1342259259244777,0.0,0.5,0.5,0.5549999999999998,0.8000000000000005,0.5820512820512819,0.13547537137174812,0.5,0.5,0.5,0.6000000000000003,1.0,-0.16054535047329546,-1.260700692989971,1.6820591164169356,2.9926924969738056,2.5369727133067626
The Empire State Building has its own zip code.,0.5928205128205128,0.2088936863567927,0.0,0.5,0.6000000000000003,0.6999999999999995,0.95,0.6871794871794875,0.14721893324227428,0.5,0.6000000000000003,0.6999999999999995,0.8000000000000005,1.0,0.05337410177873349,-0.4924341751147392,0.44126438346676394,2.981601900812691,0.6633509458958071
The Faroe Islands are an Icelandic territory.,0.5071794871794872,0.15101322211105117,0.0,0.5,0.5,0.59,0.8999999999999994,0.5769230769230768,0.1202224658520468,0.5,0.5,0.5,0.6000000000000003,1.0,-0.26900266402535017,-0.7826275577112591,1.7161008588529119,2.982422409811931,1.5646478359430207
The Indian Ocean is the third largest ocean in the world,0.5994871794871797,0.16498721988701376,0.0,0.5,0.6000000000000003,0.7100000000000006,0.95,0.6948717948717944,0.1555105647937885,0.5,0.6000000000000003,0.6999999999999995,0.8000000000000005,1.0,-0.8670439889603682,-0.9031394888181654,0.2665800925349819,2.782340857314579,2.1834853924311366
The Iron Age comes after the Bronze Age,0.6397435897435895,0.18706158821835833,0.050000000000000044,0.5199999999999997,0.6499999999999996,0.75,1.0,0.7461538461538455,0.1635883052153755,0.5,0.6000000000000003,0.8000000000000005,0.8999999999999994,1.0,-0.8670439889603676,-0.6684904839671236,-0.08008239827620668,2.7593587584392165,1.8434815825172843
The Magna Carta was signed in Rome,0.5748717948717955,0.180407022194869,0.20000000000000012,0.5,0.6000000000000003,0.7049999999999993,0.8999999999999994,0.7128205128205131,0.17944283238532238,0.5,0.5,0.6999999999999995,0.8999999999999994,1.0,0.7357112210170919,-0.22480777997183507,0.17213569321632244,3.0982671697952076,0.8586301672156476
The Nile River is more than double the length of the Volga,0.5848717948717949,0.1991940576538074,0.0,0.5,0.5599999999999999,0.7600000000000007,0.8999999999999994,0.6358974358974363,0.13666551462599932,0.5,0.5,0.6000000000000003,0.6999999999999995,0.8999999999999994,-1.9964275152283046,-0.7511404912267741,0.6059555882409667,2.7557936184118828,2.3061231606493533
The Rosetta Stone contains an Ancient Greek section,0.5430769230769232,0.16139447988593597,0.20000000000000012,0.5,0.5,0.6149999999999997,0.8999999999999994,0.6307692307692312,0.13983796290866565,0.5,0.5,0.6000000000000003,0.6999999999999995,1.0,-0.611759948665141,0.15946057681653483,0.9359978375365748,2.9177921795389317,1.010695262654084
The Rub' al Khali is the longest river in Saudi Arabia.,0.5261538461538463,0.15678707291998867,0.010000000000000009,0.5,0.5,0.5700000000000002,0.95,0.5923076923076921,0.13452570755027768,0.5,0.5,0.5,0.6999999999999995,1.0,-0.16054535047329546,-0.47183524113685466,1.3089904866627167,3.003657429537626,1.7454799459497978
The Russian Cyrillic alphabet contains 29 letters,0.5310526315789478,0.15526419461042118,0.24000000000000016,0.5,0.5,0.6000000000000003,0.8999999999999994,0.5868421052631579,0.11191466979072483,0.5,0.5,0.5500000000000004,0.6000000000000003,0.8999999999999994,-1.289436327715925,-0.003649029339196131,1.37134305582235,2.9145532641688576,0.9724818525839473
The Sahara Desert has a greater area than USA,0.5233333333333333,0.18106895071292778,0.0,0.5,0.5,0.6299999999999999,0.8500000000000005,0.6897435897435893,0.15007870180056554,0.5,0.6000000000000003,0.6999999999999995,0.8000000000000005,1.0,0.16054535047329546,-0.8813468168456967,0.4297994854156092,3.0821016574934847,1.4103581834026921
The White House was built before Big Ben,0.5615384615384614,0.19428056843455815,0.0,0.5,0.5,0.625,0.95,0.6538461538461535,0.15533690693415544,0.5,0.5,0.6000000000000003,0.8000000000000005,1.0,0.37966145557153785,-0.4137945691820967,0.6127007592147263,3.0406118723364095,1.957754984194649
The aorta is a vein,0.6069230769230775,0.18685983835560643,0.30000000000000016,0.5,0.6000000000000003,0.7250000000000004,0.9699999999999994,0.7333333333333341,0.17065405655167962,0.5,0.6000000000000003,0.6999999999999995,0.8999999999999994,1.0,-0.37966145557153785,0.09811709752797661,0.11658556389397304,2.924980715583673,0.7075372649435148
The chemical symbol for Tin is Sn,0.6079487179487183,0.1259109854155431,0.40000000000000024,0.5,0.6000000000000003,0.6649999999999994,0.8999999999999994,0.6717948717948722,0.1571936752924774,0.5,0.5,0.6999999999999995,0.8000000000000005,1.0,-0.6117599486651409,0.8291387990397145,0.5807745080886296,2.7921622314486823,-0.15350673610956042
The currency of Switzerland is the Euro,0.5561538461538466,0.2361936692477436,0.0,0.47000000000000003,0.6000000000000003,0.75,0.8999999999999994,0.7384615384615392,0.1479960607857426,0.5,0.6000000000000003,0.6999999999999995,0.8999999999999994,1.0,-0.49353009060107694,-0.6347579126352655,0.16040846645499143,2.9894366500217915,1.1149966649009546
The dot above an 'i' or 'j' is called a 'tittle',0.5399999999999995,0.17864990756696228,0.0,0.5,0.5,0.625,0.8999999999999994,0.6435897435897433,0.15007870180056554,0.5,0.5,0.6000000000000003,0.6999999999999995,1.0,-0.611759948665141,-0.676955859295643,0.8193089781482213,2.9142688495712585,1.1600832623940318
The island of Borneo is occupied by three countries,0.5402564102564104,0.1549445941633938,0.20000000000000012,0.5,0.5,0.625,1.0,0.5974358974358972,0.13857769906252196,0.5,0.5,0.5,0.6499999999999996,1.0,-0.053374101778733425,0.3188302964952446,1.5490276693688398,2.9894404636085774,1.3856125230094922
The longest bone in the human body is the femur,0.6769230769230773,0.19143713886717964,0.10000000000000006,0.5100000000000002,0.6299999999999999,0.8000000000000005,1.0,0.771794871794871,0.16693635400594717,0.5,0.6000000000000003,0.6999999999999995,0.8999999999999994,1.0,-4.233256288953924,-0.35913505463399703,-0.026946776983194934,2.550527045508848,0.9075258827725313
The point furthest from Earth's center is in Ecuador.,0.6182051282051286,0.19621244923849088,0.10000000000000006,0.5,0.6000000000000003,0.7899999999999994,0.95,0.72051282051282,0.17498795023099697,0.5,0.5500000000000004,0.6999999999999995,0.8500000000000005,1.0,0.8670439889603676,-0.42777477576408873,0.13489428343275908,3.0646315832886595,1.2863623711531604
There are 24 letters in the Greek alphabet,0.5494871794871797,0.1844900327923709,0.20000000000000012,0.5,0.5,0.6000000000000003,1.0,0.6230769230769229,0.14592993715720046,0.5,0.5,0.6000000000000003,0.6999999999999995,1.0,-1.1608523362797605,0.5603826834340989,1.129084558873745,2.891360667562201,1.0908443665568799
There are more 5 letter words than 12 letter words,0.69025641025641,0.2057142522438547,0.20000000000000012,0.5500000000000004,0.75,0.8350000000000005,0.9799999999999998,0.7871794871794864,0.15757953243310305,0.5,0.6999999999999995,0.8000000000000005,0.8999999999999994,1.0,-1.9964275152283046,-0.8198085110313783,-0.2454601439341341,2.6033701173752317,2.0746097890291915
There are more countries in Africa than Asia,0.6151282051282048,0.1856690858670167,0.010000000000000005,0.5,0.6499999999999996,0.7549999999999998,0.8999999999999994,0.7358974358974353,0.12873305608931404,0.5,0.6000000000000003,0.6999999999999995,0.8500000000000005,1.0,-2.725963608660696,-1.0589553557193694,0.1349263916996056,2.6449073195503168,0.991620016763929
There are more native Japanese speakers than native French speakers,0.5599999999999997,0.19662949395941803,0.20000000000000012,0.4800000000000003,0.5500000000000004,0.7250000000000004,1.0,0.6871794871794875,0.13988620785159087,0.5,0.6000000000000003,0.6999999999999995,0.8000000000000005,1.0,-0.3796614555715379,-0.11766925958379797,0.17917638965227198,2.9580525564780364,1.0265380347087878
There are no single word anagrams of the word 'anagram',0.5476923076923083,0.19346510005494877,0.0,0.5,0.5,0.6900000000000003,0.9899999999999998,0.6487179487179484,0.14303439938073573,0.5,0.5,0.6000000000000003,0.6999999999999995,1.0,-0.6117599486651409,-0.34681040975127736,0.8802598418695231,2.8910371052874844,0.5952444749852761
There is no German word meaning 'fluffy',0.5610256410256407,0.19734814110834795,0.05000000000000003,0.5,0.5,0.6999999999999995,0.95,0.6307692307692312,0.13794324949402803,0.5,0.5,0.6000000000000003,0.75,0.8999999999999994,0.8670439889603676,-0.47279248403720187,0.6141736141026153,3.088333655323937,1.408688815012901
Transnistria is a disputed territory in Moldova,0.5379487179487181,0.11133589498212605,0.30000000000000016,0.5,0.5,0.5949999999999998,0.8999999999999994,0.5666666666666665,0.10596258856520355,0.5,0.5,0.5,0.6000000000000003,0.8999999999999994,0.6117599486651398,0.9306025159942498,1.5646457977656714,3.027453575447338,-1.0392462862701892
Uranus is bigger than Saturn,0.6330769230769233,0.2272044505465906,0.10000000000000006,0.5,0.66,0.8000000000000005,0.9899999999999998,0.7384615384615392,0.1497636464485652,0.5,0.6000000000000003,0.6999999999999995,0.8500000000000005,1.0,0.6117599486651398,-0.8026541612806317,0.23483192111212617,3.041830134231478,1.5512614022748041
Utah,0.7578787878787879,0.17008743295283416,0.10000000000000005,0.6999999999999996,0.8000000000000004,0.8500000000000004,1.0,0.8451515151515149,0.1744477216124005,0.5,0.6999999999999996,0.8500000000000004,1.0,1.0,-3.8607565632454914,-2.002312427072205,-0.6882672280257541,2.5050856898292717,3.6628692615259117
VJ Day occurred prior to VE Day,0.5771794871794876,0.18421881608492158,0.16000000000000011,0.5,0.5100000000000002,0.6700000000000006,0.95,0.6564102564102567,0.1860883658159151,0.5,0.5,0.6000000000000003,0.75,1.0,0.7357112210170919,0.04781084024444265,0.8364010187534888,3.0579906393938185,2.3364020941468016
Vermont,0.6127272727272731,0.18142272334372697,0.2000000000000001,0.5,0.6000000000000001,0.75,0.9899999999999994,0.7533333333333336,0.2127008854393104,0.5,0.5,0.6999999999999996,1.0,1.0,-0.1913857674089199,-0.06470743154575474,0.032123610218674464,2.9357219665778405,0.9985513232272655
Virginia,0.5139393939393938,0.2499367344191751,0.0,0.30000000000000004,0.5600000000000002,0.6300000000000001,0.9499999999999995,0.8409090909090908,0.1897591176393713,0.5,0.6999999999999996,0.9499999999999995,1.0,1.0,5.744562646538024,-0.21386908995932874,-0.7195608576816367,3.5026795600427474,1.1914980937828397
Washington,0.6551515151515152,0.2452565138294141,0.10000000000000005,0.5,0.75,0.8500000000000004,0.8999999999999995,0.8345454545454549,0.1746620112726811,0.5,0.6999999999999996,0.8999999999999995,1.0,1.0,-0.8985654162419018,-0.9040595373332041,-0.6004590368702741,2.8604627752647453,1.139949531617602
Wellington is located on New Zealand's North Island.,0.5648717948717951,0.1538945605357223,0.30000000000000016,0.5,0.5,0.6000000000000003,1.0,0.5769230769230768,0.12452338284231572,0.5,0.5,0.5,0.6000000000000003,1.0,-1.0078500945374314,1.279702388781814,1.8427187827810105,2.8663716855829198,-0.3874645507009084
West_Virginia,0.6127272727272729,0.1858808880586019,0.2000000000000001,0.5,0.6000000000000001,0.75,0.8999999999999995,0.6990909090909091,0.18375193258105532,0.5,0.5299999999999998,0.6000000000000001,0.8000000000000004,1.0,-0.5943092698674104,-0.4346631613733734,0.5203458266094256,2.865250121895427,1.040853279852115
"When Hydrogen nuclei fuse, total mass decreases",0.5364102564102565,0.17028593877554693,0.15000000000000008,0.5,0.5,0.625,0.8999999999999994,0.6179487179487176,0.14845129428411494,0.5,0.5,0.5,0.6999999999999995,1.0,0.6117599486651398,0.1268228349105849,0.9977841034278796,2.9997079358858647,-0.759474040618269
William Wallace lived before King Macbeth,0.5933333333333336,0.14204027103779823,0.20000000000000012,0.5,0.5500000000000004,0.6999999999999995,0.95,0.6410256410256414,0.15680686866996046,0.5,0.5,0.6000000000000003,0.8000000000000005,1.0,-0.16054535047329546,0.2647186236561942,0.6928687043509133,2.9127612749026106,0.6644570859606238
Wisconsin,0.6115151515151517,0.2080132389434806,0.10000000000000005,0.5,0.6499999999999998,0.8000000000000004,1.0,0.7333333333333334,0.19660662925411912,0.5,0.6000000000000001,0.6499999999999998,0.9600000000000006,1.0,0.06356028168669535,-0.41187554296421647,0.3014588714168766,2.994621844209188,0.7893793600545667
Wyoming,0.5930303030303034,0.20599582593594062,0.10000000000000005,0.5,0.6000000000000001,0.6999999999999996,0.8999999999999995,0.7530303030303035,0.2053729054744815,0.5,0.6000000000000001,0.6999999999999996,1.0,1.0,-1.2600976127889867,-0.5681257159610702,0.11513080760865305,2.8043264907920116,1.8072579894881446
malignant-Melanoma-0085.jpg,0.9639999999999997,0.06377042156569666,0.8000000000000003,0.8999999999999997,1.0,1.0,1.0,0.9720000000000002,0.04582575694955838,0.8999999999999997,0.8999999999999997,1.0,1.0,1.0,0.0,-1.6228921417815108,-1.0436507793895267,2.2843722599870797,2.2371427220432683
malignant-SSM-5.jpg,0.746153846153846,0.1761409691855959,0.5,0.5999999999999999,0.8,0.8,1.0,0.8461538461538466,0.12659242088545833,0.5999999999999999,0.8,0.9000000000000002,0.9000000000000002,1.0,-0.9462118179391511,-0.19514285801975537,-0.48085601686854323,2.6092662590725335,0.7057244969295658
